,brand_name,brand_label,product_name,product_label,file
0,Christian Louboutin,0,shoes,0,0_0_001.png
1,Christian Louboutin,0,shoes,0,0_0_002.png
2,Christian Louboutin,0,shoes,0,0_0_003.png
3,Christian Louboutin,0,shoes,0,0_0_004.png
4,Christian Louboutin,0,shoes,0,0_0_005.png
5,Christian Louboutin,0,shoes,0,0_0_006.png
6,Christian Louboutin,0,shoes,0,0_0_007.png
7,Christian Louboutin,0,shoes,0,0_0_008.png
8,Christian Louboutin,0,shoes,0,0_0_009.png
9,Christian Louboutin,0,shoes,0,0_0_010.png
10,Christian Louboutin,0,shoes,0,0_0_011.png
11,Christian Louboutin,0,shoes,0,0_0_012.png
12,Christian Louboutin,0,shoes,0,0_0_013.png
13,Christian Louboutin,0,shoes,0,0_0_014.png
14,Christian Louboutin,0,shoes,0,0_0_015.png
15,Christian Louboutin,0,shoes,0,0_0_016.png
16,Christian Louboutin,0,shoes,0,0_0_017.png
17,Christian Louboutin,0,shoes,0,0_0_018.png
18,Christian Louboutin,0,shoes,0,0_0_019.png
19,Christian Louboutin,0,shoes,0,0_0_020.png
20,Christian Louboutin,0,shoes,0,0_0_021.png
21,Christian Louboutin,0,shoes,0,0_0_022.png
22,Christian Louboutin,0,shoes,0,0_0_023.png
23,Christian Louboutin,0,shoes,0,0_0_024.png
24,Christian Louboutin,0,shoes,0,0_0_025.png
25,Christian Louboutin,0,shoes,0,0_0_026.png
26,Christian Louboutin,0,shoes,0,0_0_027.png
27,Christian Louboutin,0,shoes,0,0_0_028.png
28,Christian Louboutin,0,shoes,0,0_0_029.png
29,Christian Louboutin,0,shoes,0,0_0_030.png
30,Christian Louboutin,0,shoes,0,0_0_031.png
31,Christian Louboutin,0,shoes,0,0_0_032.png
32,Christian Louboutin,0,shoes,0,0_0_033.png
33,Christian Louboutin,0,shoes,0,0_0_034.png
34,Christian Louboutin,0,shoes,0,0_0_035.png
35,Christian Louboutin,0,shoes,0,0_0_036.png
36,Christian Louboutin,0,shoes,0,0_0_037.png
37,Christian Louboutin,0,shoes,0,0_0_038.png
38,Christian Louboutin,0,shoes,0,0_0_039.png
39,Christian Louboutin,0,shoes,0,0_0_040.png
40,Christian Louboutin,0,shoes,0,0_0_041.png
41,Christian Louboutin,0,shoes,0,0_0_042.png
42,Christian Louboutin,0,shoes,0,0_0_043.png
43,Christian Louboutin,0,shoes,0,0_0_044.png
44,Christian Louboutin,0,shoes,0,0_0_045.png
45,Christian Louboutin,0,shoes,0,0_0_046.png
46,Christian Louboutin,0,shoes,0,0_0_047.png
47,Christian Louboutin,0,shoes,0,0_0_048.png
48,Christian Louboutin,0,shoes,0,0_0_049.png
49,Christian Louboutin,0,shoes,0,0_0_050.png
50,Christian Louboutin,0,shoes,0,0_0_051.png
51,Christian Louboutin,0,shoes,0,0_0_052.png
52,Christian Louboutin,0,shoes,0,0_0_053.png
53,Christian Louboutin,0,shoes,0,0_0_054.png
54,Christian Louboutin,0,shoes,0,0_0_055.png
55,Christian Louboutin,0,shoes,0,0_0_056.png
56,Christian Louboutin,0,shoes,0,0_0_057.png
57,Christian Louboutin,0,shoes,0,0_0_058.png
58,Christian Louboutin,0,shoes,0,0_0_059.png
59,Christian Louboutin,0,shoes,0,0_0_060.png
60,Christian Louboutin,0,shoes,0,0_0_061.png
61,Christian Louboutin,0,shoes,0,0_0_062.png
62,Christian Louboutin,0,shoes,0,0_0_063.png
63,Christian Louboutin,0,shoes,0,0_0_064.png
64,Christian Louboutin,0,shoes,0,0_0_065.png
65,Christian Louboutin,0,shoes,0,0_0_066.png
66,Christian Louboutin,0,shoes,0,0_0_067.png
67,Christian Louboutin,0,shoes,0,0_0_068.png
68,Christian Louboutin,0,shoes,0,0_0_069.png
69,Christian Louboutin,0,shoes,0,0_0_070.png
70,Christian Louboutin,0,shoes,0,0_0_071.png
71,Christian Louboutin,0,shoes,0,0_0_072.png
72,Christian Louboutin,0,shoes,0,0_0_073.png
73,Christian Louboutin,0,shoes,0,0_0_074.png
74,Christian Louboutin,0,shoes,0,0_0_075.png
75,Christian Louboutin,0,shoes,0,0_0_076.png
76,Christian Louboutin,0,shoes,0,0_0_077.png
77,Christian Louboutin,0,shoes,0,0_0_078.png
78,Christian Louboutin,0,shoes,0,0_0_079.png
79,Christian Louboutin,0,shoes,0,0_0_080.png
80,Christian Louboutin,0,shoes,0,0_0_081.png
81,Christian Louboutin,0,shoes,0,0_0_082.png
82,Christian Louboutin,0,shoes,0,0_0_083.png
83,Christian Louboutin,0,shoes,0,0_0_084.png
84,Christian Louboutin,0,shoes,0,0_0_085.png
85,Christian Louboutin,0,shoes,0,0_0_086.png
86,Christian Louboutin,0,shoes,0,0_0_087.png
87,Christian Louboutin,0,shoes,0,0_0_088.png
88,Christian Louboutin,0,shoes,0,0_0_089.png
89,Christian Louboutin,0,shoes,0,0_0_090.png
90,Christian Louboutin,0,shoes,0,0_0_091.png
91,Christian Louboutin,0,shoes,0,0_0_092.png
92,Christian Louboutin,0,shoes,0,0_0_093.png
93,Christian Louboutin,0,shoes,0,0_0_094.png
94,Christian Louboutin,0,shoes,0,0_0_095.png
95,Christian Louboutin,0,shoes,0,0_0_096.png
96,Christian Louboutin,0,shoes,0,0_0_097.png
97,Christian Louboutin,0,shoes,0,0_0_098.png
98,Christian Louboutin,0,lipstick,1,0_1_001.png
99,Christian Louboutin,0,lipstick,1,0_1_002.png
100,Christian Louboutin,0,lipstick,1,0_1_003.png
101,Christian Louboutin,0,lipstick,1,0_1_004.png
102,Christian Louboutin,0,lipstick,1,0_1_005.png
103,Christian Louboutin,0,lipstick,1,0_1_006.png
104,Christian Louboutin,0,lipstick,1,0_1_007.png
105,Christian Louboutin,0,lipstick,1,0_1_008.png
106,Christian Louboutin,0,lipstick,1,0_1_009.png
107,Christian Louboutin,0,lipstick,1,0_1_010.png
108,Christian Louboutin,0,lipstick,1,0_1_011.png
109,Christian Louboutin,0,lipstick,1,0_1_012.png
110,Christian Louboutin,0,lipstick,1,0_1_013.png
111,Christian Louboutin,0,lipstick,1,0_1_014.png
112,Christian Louboutin,0,lipstick,1,0_1_015.png
113,Christian Louboutin,0,lipstick,1,0_1_016.png
114,Christian Louboutin,0,lipstick,1,0_1_017.png
115,Christian Louboutin,0,lipstick,1,0_1_018.png
116,Christian Louboutin,0,lipstick,1,0_1_019.png
117,Christian Louboutin,0,lipstick,1,0_1_020.png
118,Christian Louboutin,0,lipstick,1,0_1_021.png
119,Christian Louboutin,0,lipstick,1,0_1_022.png
120,Christian Louboutin,0,lipstick,1,0_1_023.png
121,Christian Louboutin,0,lipstick,1,0_1_024.png
122,Christian Louboutin,0,lipstick,1,0_1_025.png
123,Christian Louboutin,0,lipstick,1,0_1_026.png
124,Christian Louboutin,0,lipstick,1,0_1_027.png
125,Christian Louboutin,0,lipstick,1,0_1_028.png
126,Christian Louboutin,0,lipstick,1,0_1_029.png
127,Christian Louboutin,0,lipstick,1,0_1_030.png
128,Christian Louboutin,0,lipstick,1,0_1_031.png
129,Christian Louboutin,0,lipstick,1,0_1_032.png
130,Christian Louboutin,0,lipstick,1,0_1_033.png
131,Christian Louboutin,0,lipstick,1,0_1_034.png
132,Christian Louboutin,0,lipstick,1,0_1_035.png
133,Christian Louboutin,0,lipstick,1,0_1_036.png
134,Christian Louboutin,0,lipstick,1,0_1_037.png
135,Christian Louboutin,0,lipstick,1,0_1_038.png
136,Christian Louboutin,0,lipstick,1,0_1_039.png
137,Christian Louboutin,0,lipstick,1,0_1_040.png
138,Christian Louboutin,0,lipstick,1,0_1_041.png
139,Christian Louboutin,0,lipstick,1,0_1_042.png
140,Christian Louboutin,0,lipstick,1,0_1_043.png
141,Christian Louboutin,0,lipstick,1,0_1_044.png
142,Christian Louboutin,0,handbag,2,0_2_001.png
143,Christian Louboutin,0,handbag,2,0_2_002.png
144,Christian Louboutin,0,handbag,2,0_2_003.png
145,Christian Louboutin,0,handbag,2,0_2_004.png
146,Christian Louboutin,0,handbag,2,0_2_005.png
147,Christian Louboutin,0,handbag,2,0_2_006.png
148,Christian Louboutin,0,handbag,2,0_2_007.png
149,Christian Louboutin,0,handbag,2,0_2_008.png
150,Christian Louboutin,0,handbag,2,0_2_009.png
151,Christian Louboutin,0,handbag,2,0_2_010.png
152,Christian Louboutin,0,handbag,2,0_2_011.png
153,Christian Louboutin,0,handbag,2,0_2_012.png
154,Christian Louboutin,0,handbag,2,0_2_013.png
155,Christian Louboutin,0,handbag,2,0_2_014.png
156,Christian Louboutin,0,handbag,2,0_2_015.png
157,Christian Louboutin,0,handbag,2,0_2_016.png
158,Christian Louboutin,0,handbag,2,0_2_017.png
159,Christian Louboutin,0,handbag,2,0_2_018.png
160,Christian Louboutin,0,handbag,2,0_2_019.png
161,Christian Louboutin,0,handbag,2,0_2_020.png
162,Christian Louboutin,0,handbag,2,0_2_021.png
163,Christian Louboutin,0,handbag,2,0_2_022.png
164,Christian Louboutin,0,handbag,2,0_2_023.png
165,Christian Louboutin,0,handbag,2,0_2_024.png
166,Christian Louboutin,0,handbag,2,0_2_025.png
167,Christian Louboutin,0,handbag,2,0_2_026.png
168,Christian Louboutin,0,handbag,2,0_2_027.png
169,Christian Louboutin,0,handbag,2,0_2_028.png
170,Christian Louboutin,0,nail polish,3,0_3_001.png
171,Christian Louboutin,0,nail polish,3,0_3_002.png
172,Christian Louboutin,0,nail polish,3,0_3_003.png
173,Christian Louboutin,0,nail polish,3,0_3_004.png
174,Christian Louboutin,0,nail polish,3,0_3_005.png
175,Christian Louboutin,0,nail polish,3,0_3_006.png
176,Christian Louboutin,0,nail polish,3,0_3_007.png
177,Christian Louboutin,0,nail polish,3,0_3_008.png
178,Christian Louboutin,0,nail polish,3,0_3_009.png
179,Christian Louboutin,0,nail polish,3,0_3_010.png
180,Christian Louboutin,0,nail polish,3,0_3_011.png
181,Christian Louboutin,0,nail polish,3,0_3_012.png
182,Christian Louboutin,0,nail polish,3,0_3_013.png
183,Christian Louboutin,0,nail polish,3,0_3_014.png
184,Christian Louboutin,0,nail polish,3,0_3_015.png
185,Christian Louboutin,0,nail polish,3,0_3_016.png
186,Christian Louboutin,0,nail polish,3,0_3_016.png
187,Christian Louboutin,0,nail polish,3,0_3_018.png
188,Christian Louboutin,0,nail polish,3,0_3_019.png
189,Christian Louboutin,0,nail polish,3,0_3_020.png
190,Christian Louboutin,0,nail polish,3,0_3_021.png
191,Christian Louboutin,0,nail polish,3,0_3_022.png
192,Christian Louboutin,0,nail polish,3,0_3_023.png
193,Christian Louboutin,0,nail polish,3,0_3_024.png
194,Christian Louboutin,0,nail polish,3,0_3_025.png
195,Christian Louboutin,0,nail polish,3,0_3_026.png
196,Christian Louboutin,0,nail polish,3,0_3_027.png
197,Christian Louboutin,0,nail polish,3,0_3_028.png
198,Christian Louboutin,0,nail polish,3,0_3_029.png
199,Christian Louboutin,0,nail polish,3,0_3_030.png
200,Christian Louboutin,0,nail polish,3,0_3_031.png
201,Christian Louboutin,0,nail polish,3,0_3_032.png
202,Christian Louboutin,0,nail polish,3,0_3_033.png
203,Christian Louboutin,0,nail polish,3,0_3_034.png
204,Christian Louboutin,0,nail polish,3,0_3_035.png
205,Christian Louboutin,0,nail polish,3,0_3_036.png
206,Christian Louboutin,0,nail polish,3,0_3_037.png
207,Christian Louboutin,0,nail polish,3,0_3_038.png
208,Christian Louboutin,0,boots,8,0_8_001.png
209,Christian Louboutin,0,boots,8,0_8_002.png
210,Christian Louboutin,0,boots,8,0_8_003.png
211,Christian Louboutin,0,boots,8,0_8_004.png
212,Christian Louboutin,0,boots,8,0_8_005.png
213,Christian Louboutin,0,boots,8,0_8_006.png
214,Christian Louboutin,0,boots,8,0_8_007.png
215,Christian Louboutin,0,boots,8,0_8_008.png
216,Christian Louboutin,0,boots,8,0_8_009.png
217,Christian Louboutin,0,boots,8,0_8_010.png
218,Christian Louboutin,0,boots,8,0_8_011.png
219,Christian Louboutin,0,boots,8,0_8_012.png
220,Christian Louboutin,0,boots,8,0_8_013.png
221,Christian Louboutin,0,boots,8,0_8_014.png
222,Christian Louboutin,0,boots,8,0_8_015.png
223,Christian Louboutin,0,boots,8,0_8_016.png
224,Christian Louboutin,0,boots,8,0_8_017.png
225,Christian Louboutin,0,boots,8,0_8_018.png
226,Christian Louboutin,0,boots,8,0_8_019.png
227,Christian Louboutin,0,boots,8,0_8_020.png
228,Christian Louboutin,0,boots,8,0_8_021.png
229,Christian Louboutin,0,boots,8,0_8_022.png
230,Christian Louboutin,0,boots,8,0_8_023.png
231,Christian Louboutin,0,boots,8,0_8_024.png
232,Christian Louboutin,0,boots,8,0_8_025.png
233,Christian Louboutin,0,boots,8,0_8_026.png
234,Christian Louboutin,0,boots,8,0_8_027.png
235,Christian Louboutin,0,boots,8,0_8_028.png
236,Christian Louboutin,0,boots,8,0_8_029.png
237,Chanel,1,shoes,0,1_0_001.png
238,Chanel,1,shoes,0,1_0_002.png
239,Chanel,1,shoes,0,1_0_003.png
240,Chanel,1,shoes,0,1_0_004.png
241,Chanel,1,shoes,0,1_0_005.png
242,Chanel,1,shoes,0,1_0_006.png
243,Chanel,1,shoes,0,1_0_007.png
244,Chanel,1,shoes,0,1_0_008.png
245,Chanel,1,shoes,0,1_0_009.png
246,Chanel,1,shoes,0,1_0_010.png
247,Chanel,1,shoes,0,1_0_011.png
248,Chanel,1,shoes,0,1_0_012.png
249,Chanel,1,shoes,0,1_0_013.png
250,Chanel,1,shoes,0,1_0_014.png
251,Chanel,1,shoes,0,1_0_015.png
252,Chanel,1,shoes,0,1_0_016.png
253,Chanel,1,shoes,0,1_0_017.png
254,Chanel,1,shoes,0,1_0_018.png
255,Chanel,1,shoes,0,1_0_019.png
256,Chanel,1,shoes,0,1_0_020.png
257,Chanel,1,shoes,0,1_0_021.png
258,Chanel,1,shoes,0,1_0_022.png
259,Chanel,1,shoes,0,1_0_023.png
260,Chanel,1,shoes,0,1_0_024.png
261,Chanel,1,shoes,0,1_0_025.png
262,Chanel,1,shoes,0,1_0_026.png
263,Chanel,1,shoes,0,1_0_027.png
264,Chanel,1,shoes,0,1_0_028.png
265,Chanel,1,shoes,0,1_0_029.png
266,Chanel,1,shoes,0,1_0_030.png
267,Chanel,1,shoes,0,1_0_031.png
268,Chanel,1,shoes,0,1_0_032.png
269,Chanel,1,shoes,0,1_0_033.png
270,Chanel,1,shoes,0,1_0_034.png
271,Chanel,1,shoes,0,1_0_035.png
272,Chanel,1,shoes,0,1_0_036.png
273,Chanel,1,shoes,0,1_0_037.png
274,Chanel,1,shoes,0,1_0_038.png
275,Chanel,1,shoes,0,1_0_039.png
276,Chanel,1,shoes,0,1_0_040.png
277,Chanel,1,shoes,0,1_0_041.png
278,Chanel,1,shoes,0,1_0_042.png
279,Chanel,1,shoes,0,1_0_043.png
280,Chanel,1,shoes,0,1_0_044.png
281,Chanel,1,shoes,0,1_0_045.png
282,Chanel,1,shoes,0,1_0_046.png
283,Chanel,1,shoes,0,1_0_047.png
284,Chanel,1,shoes,0,1_0_048.png
285,Chanel,1,shoes,0,1_0_049.png
286,Chanel,1,shoes,0,1_0_050.png
287,Chanel,1,shoes,0,1_0_051.png
288,Chanel,1,shoes,0,1_0_052.png
289,Chanel,1,shoes,0,1_0_053.png
290,Chanel,1,lipstick,1,1_1_001.png
291,Chanel,1,lipstick,1,1_1_002.png
292,Chanel,1,lipstick,1,1_1_003.png
293,Chanel,1,lipstick,1,1_1_004.png
294,Chanel,1,lipstick,1,1_1_005.png
295,Chanel,1,lipstick,1,1_1_006.png
296,Chanel,1,lipstick,1,1_1_007.png
297,Chanel,1,lipstick,1,1_1_008.png
298,Chanel,1,lipstick,1,1_1_009.png
299,Chanel,1,lipstick,1,1_1_010.png
300,Chanel,1,lipstick,1,1_1_011.png
301,Chanel,1,lipstick,1,1_1_012.png
302,Chanel,1,lipstick,1,1_1_013.png
303,Chanel,1,lipstick,1,1_1_014.png
304,Chanel,1,lipstick,1,1_1_015.png
305,Chanel,1,lipstick,1,1_1_016.png
306,Chanel,1,lipstick,1,1_1_017.png
307,Chanel,1,lipstick,1,1_1_018.png
308,Chanel,1,lipstick,1,1_1_019.png
309,Chanel,1,lipstick,1,1_1_020.png
310,Chanel,1,lipstick,1,1_1_021.png
311,Chanel,1,lipstick,1,1_1_022.png
312,Chanel,1,lipstick,1,1_1_023.png
313,Chanel,1,lipstick,1,1_1_024.png
314,Chanel,1,lipstick,1,1_1_025.png
315,Chanel,1,lipstick,1,1_1_026.png
316,Chanel,1,lipstick,1,1_1_027.png
317,Chanel,1,lipstick,1,1_1_028.png
318,Chanel,1,lipstick,1,1_1_029.png
319,Chanel,1,lipstick,1,1_1_030.png
320,Chanel,1,handbag,2,1_2_001.png
321,Chanel,1,handbag,2,1_2_002.png
322,Chanel,1,handbag,2,1_2_003.png
323,Chanel,1,handbag,2,1_2_004.png
324,Chanel,1,handbag,2,1_2_005.png
325,Chanel,1,handbag,2,1_2_006.png
326,Chanel,1,handbag,2,1_2_007.png
327,Chanel,1,handbag,2,1_2_008.png
328,Chanel,1,handbag,2,1_2_009.png
329,Chanel,1,handbag,2,1_2_010.png
330,Chanel,1,handbag,2,1_2_011.png
331,Chanel,1,handbag,2,1_2_012.png
332,Chanel,1,handbag,2,1_2_013.png
333,Chanel,1,handbag,2,1_2_014.png
334,Chanel,1,handbag,2,1_2_015.png
335,Chanel,1,handbag,2,1_2_016.png
336,Chanel,1,handbag,2,1_2_017.png
337,Chanel,1,handbag,2,1_2_018.png
338,Chanel,1,handbag,2,1_2_019.png
339,Chanel,1,handbag,2,1_2_020.png
340,Chanel,1,handbag,2,1_2_021.png
341,Chanel,1,handbag,2,1_2_022.png
342,Chanel,1,handbag,2,1_2_023.png
343,Chanel,1,handbag,2,1_2_024.png
344,Chanel,1,handbag,2,1_2_025.png
345,Chanel,1,handbag,2,1_2_026.png
346,Chanel,1,handbag,2,1_2_027.png
347,Chanel,1,handbag,2,1_2_028.png
348,Chanel,1,handbag,2,1_2_029.png
349,Chanel,1,handbag,2,1_2_030.png
350,Chanel,1,handbag,2,1_2_031.png
351,Chanel,1,handbag,2,1_2_032.png
352,Chanel,1,handbag,2,1_2_033.png
353,Chanel,1,handbag,2,1_2_034.png
354,Chanel,1,handbag,2,1_2_035.png
355,Chanel,1,handbag,2,1_2_036.png
356,Chanel,1,handbag,2,1_2_037.png
357,Chanel,1,handbag,2,1_2_038.png
358,Chanel,1,handbag,2,1_2_039.png
359,Chanel,1,handbag,2,1_2_040.png
360,Chanel,1,handbag,2,1_2_041.png
361,Chanel,1,handbag,2,1_2_042.png
362,Chanel,1,handbag,2,1_2_043.png
363,Chanel,1,handbag,2,1_2_044.png
364,Chanel,1,handbag,2,1_2_045.png
365,Chanel,1,handbag,2,1_2_046.png
366,Chanel,1,handbag,2,1_2_047.png
367,Chanel,1,handbag,2,1_2_048.png
368,Chanel,1,handbag,2,1_2_049.png
369,Chanel,1,handbag,2,1_2_050.png
370,Chanel,1,handbag,2,1_2_051.png
371,Chanel,1,handbag,2,1_2_052.png
372,Chanel,1,handbag,2,1_2_053.png
373,Chanel,1,handbag,2,1_2_054.png
374,Chanel,1,handbag,2,1_2_055.png
375,Chanel,1,nail polish,3,1_3_001.png
376,Chanel,1,nail polish,3,1_3_002.png
377,Chanel,1,nail polish,3,1_3_003.png
378,Chanel,1,nail polish,3,1_3_004.png
379,Chanel,1,nail polish,3,1_3_005.png
380,Chanel,1,nail polish,3,1_3_006.png
381,Chanel,1,nail polish,3,1_3_007.png
382,Chanel,1,nail polish,3,1_3_008.png
383,Chanel,1,nail polish,3,1_3_009.png
384,Chanel,1,nail polish,3,1_3_010.png
385,Chanel,1,nail polish,3,1_3_011.png
386,Chanel,1,nail polish,3,1_3_012.png
387,Chanel,1,nail polish,3,1_3_013.png
388,Chanel,1,nail polish,3,1_3_014.png
389,Chanel,1,nail polish,3,1_3_015.png
390,Chanel,1,nail polish,3,1_3_016.png
391,Chanel,1,nail polish,3,1_3_017.png
392,Chanel,1,necklace,4,1_4_001.png
393,Chanel,1,necklace,4,1_4_002.png
394,Chanel,1,necklace,4,1_4_003.png
395,Chanel,1,necklace,4,1_4_004.png
396,Chanel,1,necklace,4,1_4_005.png
397,Chanel,1,necklace,4,1_4_006.png
398,Chanel,1,necklace,4,1_4_007.png
399,Chanel,1,necklace,4,1_4_008.png
400,Chanel,1,necklace,4,1_4_009.png
401,Chanel,1,necklace,4,1_4_010.png
402,Chanel,1,necklace,4,1_4_011.png
403,Chanel,1,necklace,4,1_4_012.png
404,Chanel,1,necklace,4,1_4_013.png
405,Chanel,1,necklace,4,1_4_014.png
406,Chanel,1,necklace,4,1_4_015.png
407,Chanel,1,necklace,4,1_4_016.png
408,Chanel,1,necklace,4,1_4_017.png
409,Chanel,1,necklace,4,1_4_018.png
410,Chanel,1,necklace,4,1_4_019.png
411,Chanel,1,necklace,4,1_4_020.png
412,Chanel,1,necklace,4,1_4_021.png
413,Chanel,1,necklace,4,1_4_022.png
414,Chanel,1,necklace,4,1_4_023.png
415,Chanel,1,necklace,4,1_4_024.png
416,Chanel,1,necklace,4,1_4_025.png
417,Chanel,1,necklace,4,1_4_026.png
418,Chanel,1,necklace,4,1_4_027.png
419,Chanel,1,necklace,4,1_4_028.png
420,Chanel,1,necklace,4,1_4_029.png
421,Chanel,1,necklace,4,1_4_030.png
422,Chanel,1,necklace,4,1_4_031.png
423,Chanel,1,necklace,4,1_4_032.png
424,Chanel,1,necklace,4,1_4_033.png
425,Chanel,1,necklace,4,1_4_034.png
426,Chanel,1,necklace,4,1_4_035.png
427,Chanel,1,necklace,4,1_4_036.png
428,Chanel,1,necklace,4,1_4_037.png
429,Chanel,1,necklace,4,1_4_038.png
430,Chanel,1,necklace,4,1_4_039.png
431,Chanel,1,necklace,4,1_4_040.png
432,Chanel,1,necklace,4,1_4_041.png
433,Chanel,1,necklace,4,1_4_042.png
434,Chanel,1,watches,5,1_5_001.png
435,Chanel,1,watches,5,1_5_002.png
436,Chanel,1,watches,5,1_5_003.png
437,Chanel,1,watches,5,1_5_004.png
438,Chanel,1,watches,5,1_5_005.png
439,Chanel,1,watches,5,1_5_006.png
440,Chanel,1,watches,5,1_5_007.png
441,Chanel,1,watches,5,1_5_008.png
442,Chanel,1,watches,5,1_5_009.png
443,Chanel,1,watches,5,1_5_010.png
444,Chanel,1,watches,5,1_5_011.png
445,Chanel,1,watches,5,1_5_012.png
446,Chanel,1,watches,5,1_5_013.png
447,Chanel,1,watches,5,1_5_014.png
448,Chanel,1,watches,5,1_5_015.png
449,Chanel,1,watches,5,1_5_016.png
450,Chanel,1,watches,5,1_5_017.png
451,Chanel,1,watches,5,1_5_018.png
452,Chanel,1,watches,5,1_5_019.png
453,Chanel,1,watches,5,1_5_020.png
454,Chanel,1,watches,5,1_5_021.png
455,Chanel,1,watches,5,1_5_022.png
456,Chanel,1,watches,5,1_5_023.png
457,Chanel,1,watches,5,1_5_024.png
458,Chanel,1,watches,5,1_5_025.png
459,Chanel,1,watches,5,1_5_026.png
460,Chanel,1,watches,5,1_5_027.png
461,Chanel,1,watches,5,1_5_028.png
462,Chanel,1,watches,5,1_5_029.png
463,Chanel,1,watches,5,1_5_030.png
464,Chanel,1,watches,5,1_5_031.png
465,Chanel,1,watches,5,1_5_032.png
466,Chanel,1,watches,5,1_5_033.png
467,Chanel,1,watches,5,1_5_034.png
468,Chanel,1,watches,5,1_5_035.png
469,Chanel,1,ring,6,1_6_001.png
470,Chanel,1,ring,6,1_6_002.png
471,Chanel,1,ring,6,1_6_003.png
472,Chanel,1,ring,6,1_6_004.png
473,Chanel,1,ring,6,1_6_005.png
474,Chanel,1,ring,6,1_6_006.png
475,Chanel,1,ring,6,1_6_007.png
476,Chanel,1,ring,6,1_6_008.png
477,Chanel,1,ring,6,1_6_009.png
478,Chanel,1,ring,6,1_6_010.png
479,Chanel,1,ring,6,1_6_011.png
480,Chanel,1,ring,6,1_6_012.png
481,Chanel,1,ring,6,1_6_013.png
482,Chanel,1,ring,6,1_6_014.png
483,Chanel,1,ring,6,1_6_015.png
484,Chanel,1,ring,6,1_6_016.png
485,Chanel,1,ring,6,1_6_017.png
486,Chanel,1,ring,6,1_6_018.png
487,Chanel,1,ring,6,1_6_019.png
488,Chanel,1,ring,6,1_6_020.png
489,Chanel,1,ring,6,1_6_021.png
490,Chanel,1,ring,6,1_6_022.png
491,Chanel,1,ring,6,1_6_023.png
492,Chanel,1,ring,6,1_6_024.png
493,Chanel,1,ring,6,1_6_025.png
494,Chanel,1,ring,6,1_6_026.png
495,Chanel,1,ring,6,1_6_027.png
496,Chanel,1,ring,6,1_6_028.png
497,Chanel,1,ring,6,1_6_029.png
498,Chanel,1,bracelet,7,1_7_001.png
499,Chanel,1,bracelet,7,1_7_002.png
500,Chanel,1,bracelet,7,1_7_003.png
501,Chanel,1,bracelet,7,1_7_004.png
502,Chanel,1,bracelet,7,1_7_005.png
503,Chanel,1,bracelet,7,1_7_006.png
504,Chanel,1,bracelet,7,1_7_007.png
505,Chanel,1,bracelet,7,1_7_008.png
506,Chanel,1,bracelet,7,1_7_009.png
507,Chanel,1,bracelet,7,1_7_010.png
508,Chanel,1,bracelet,7,1_7_011.png
509,Chanel,1,bracelet,7,1_7_012.png
510,Chanel,1,bracelet,7,1_7_013.png
511,Chanel,1,bracelet,7,1_7_014.png
512,Chanel,1,bracelet,7,1_7_015.png
513,Chanel,1,bracelet,7,1_7_016.png
514,Chanel,1,bracelet,7,1_7_017.png
515,Chanel,1,bracelet,7,1_7_018.png
516,Chanel,1,bracelet,7,1_7_019.png
517,Chanel,1,bracelet,7,1_7_020.png
518,Chanel,1,bracelet,7,1_7_021.png
519,Chanel,1,boots,8,1_8_001.png
520,Chanel,1,boots,8,1_8_002.png
521,Chanel,1,boots,8,1_8_003.png
522,Chanel,1,boots,8,1_8_004.png
523,Chanel,1,boots,8,1_8_005.png
524,Chanel,1,boots,8,1_8_006.png
525,Chanel,1,boots,8,1_8_007.png
526,Chanel,1,boots,8,1_8_008.png
527,Chanel,1,boots,8,1_8_009.png
528,Chanel,1,boots,8,1_8_010.png
529,Chanel,1,boots,8,1_8_011.png
530,Chanel,1,boots,8,1_8_012.png
531,Chanel,1,boots,8,1_8_013.png
532,Chanel,1,boots,8,1_8_014.png
533,Chanel,1,boots,8,1_8_015.png
534,Chanel,1,boots,8,1_8_016.png
535,Chanel,1,boots,8,1_8_017.png
536,Chanel,1,boots,8,1_8_018.png
537,Chanel,1,boots,8,1_8_019.png
538,Chanel,1,boots,8,1_8_020.png
539,Chanel,1,boots,8,1_8_021.png
540,Chanel,1,boots,8,1_8_022.png
541,Chanel,1,boots,8,1_8_023.png
542,Chanel,1,boots,8,1_8_024.png
543,Chanel,1,boots,8,1_8_025.png
544,Chanel,1,boots,8,1_8_026.png
545,Chanel,1,boots,8,1_8_027.png
546,Chanel,1,boots,8,1_8_028.png
547,Chanel,1,boots,8,1_8_029.png
548,Chanel,1,boots,8,1_8_030.png
549,Chanel,1,boots,8,1_8_031.png
550,Chanel,1,boots,8,1_8_032.png
551,Chanel,1,earrings,9,1_9_001.png
552,Chanel,1,earrings,9,1_9_002.png
553,Chanel,1,earrings,9,1_9_003.png
554,Chanel,1,earrings,9,1_9_004.png
555,Chanel,1,earrings,9,1_9_005.png
556,Chanel,1,earrings,9,1_9_006.png
557,Chanel,1,earrings,9,1_9_007.png
558,Chanel,1,earrings,9,1_9_008.png
559,Chanel,1,earrings,9,1_9_009.png
560,Chanel,1,earrings,9,1_9_010.png
561,Chanel,1,earrings,9,1_9_011.png
562,Chanel,1,earrings,9,1_9_012.png
563,Chanel,1,earrings,9,1_9_013.png
564,Chanel,1,earrings,9,1_9_014.png
565,Chanel,1,earrings,9,1_9_015.png
566,Chanel,1,earrings,9,1_9_016.png
567,Chanel,1,earrings,9,1_9_017.png
568,Chanel,1,earrings,9,1_9_018.png
569,Chanel,1,earrings,9,1_9_019.png
570,Chanel,1,earrings,9,1_9_020.png
571,Chanel,1,earrings,9,1_9_021.png
572,Chanel,1,earrings,9,1_9_022.png
573,Chanel,1,earrings,9,1_9_023.png
574,Chanel,1,earrings,9,1_9_024.png
575,Chanel,1,earrings,9,1_9_025.png
576,Chanel,1,earrings,9,1_9_026.png
577,Chanel,1,earrings,9,1_9_027.png
578,Chanel,1,earrings,9,1_9_028.png
579,Chanel,1,earrings,9,1_9_029.png
580,Chanel,1,earrings,9,1_9_030.png
581,Dolce & Gabbana,2,shoes,0,2_0_001.png
582,Dolce & Gabbana,2,shoes,0,2_0_002.png
583,Dolce & Gabbana,2,shoes,0,2_0_003.png
584,Dolce & Gabbana,2,shoes,0,2_0_004.png
585,Dolce & Gabbana,2,shoes,0,2_0_005.png
586,Dolce & Gabbana,2,shoes,0,2_0_006.png
587,Dolce & Gabbana,2,shoes,0,2_0_007.png
588,Dolce & Gabbana,2,shoes,0,2_0_008.png
589,Dolce & Gabbana,2,shoes,0,2_0_009.png
590,Dolce & Gabbana,2,shoes,0,2_0_010.png
591,Dolce & Gabbana,2,shoes,0,2_0_011.png
592,Dolce & Gabbana,2,shoes,0,2_0_012.png
593,Dolce & Gabbana,2,shoes,0,2_0_013.png
594,Dolce & Gabbana,2,shoes,0,2_0_014.png
595,Dolce & Gabbana,2,shoes,0,2_0_015.png
596,Dolce & Gabbana,2,shoes,0,2_0_016.png
597,Dolce & Gabbana,2,shoes,0,2_0_017.png
598,Dolce & Gabbana,2,shoes,0,2_0_018.png
599,Dolce & Gabbana,2,shoes,0,2_0_019.png
600,Dolce & Gabbana,2,shoes,0,2_0_020.png
601,Dolce & Gabbana,2,shoes,0,2_0_021.png
602,Dolce & Gabbana,2,shoes,0,2_0_022.png
603,Dolce & Gabbana,2,shoes,0,2_0_023.png
604,Dolce & Gabbana,2,shoes,0,2_0_024.png
605,Dolce & Gabbana,2,shoes,0,2_0_025.png
606,Dolce & Gabbana,2,shoes,0,2_0_026.png
607,Dolce & Gabbana,2,shoes,0,2_0_027.png
608,Dolce & Gabbana,2,shoes,0,2_0_028.png
609,Dolce & Gabbana,2,shoes,0,2_0_029.png
610,Dolce & Gabbana,2,shoes,0,2_0_030.png
611,Dolce & Gabbana,2,shoes,0,2_0_031.png
612,Dolce & Gabbana,2,shoes,0,2_0_032.png
613,Dolce & Gabbana,2,shoes,0,2_0_033.png
614,Dolce & Gabbana,2,shoes,0,2_0_034.png
615,Dolce & Gabbana,2,shoes,0,2_0_035.png
616,Dolce & Gabbana,2,shoes,0,2_0_036.png
617,Dolce & Gabbana,2,shoes,0,2_0_037.png
618,Dolce & Gabbana,2,shoes,0,2_0_038.png
619,Dolce & Gabbana,2,shoes,0,2_0_039.png
620,Dolce & Gabbana,2,shoes,0,2_0_040.png
621,Dolce & Gabbana,2,shoes,0,2_0_041.png
622,Dolce & Gabbana,2,shoes,0,2_0_042.png
623,Dolce & Gabbana,2,shoes,0,2_0_043.png
624,Dolce & Gabbana,2,shoes,0,2_0_044.png
625,Dolce & Gabbana,2,shoes,0,2_0_045.png
626,Dolce & Gabbana,2,shoes,0,2_0_046.png
627,Dolce & Gabbana,2,shoes,0,2_0_047.png
628,Dolce & Gabbana,2,shoes,0,2_0_048.png
629,Dolce & Gabbana,2,shoes,0,2_0_049.png
630,Dolce & Gabbana,2,shoes,0,2_0_050.png
631,Dolce & Gabbana,2,shoes,0,2_0_051.png
632,Dolce & Gabbana,2,shoes,0,2_0_052.png
633,Dolce & Gabbana,2,shoes,0,2_0_053.png
634,Dolce & Gabbana,2,shoes,0,2_0_054.png
635,Dolce & Gabbana,2,shoes,0,2_0_055.png
636,Dolce & Gabbana,2,shoes,0,2_0_056.png
637,Dolce & Gabbana,2,shoes,0,2_0_057.png
638,Dolce & Gabbana,2,shoes,0,2_0_058.png
639,Dolce & Gabbana,2,shoes,0,2_0_059.png
640,Dolce & Gabbana,2,shoes,0,2_0_060.png
641,Dolce & Gabbana,2,shoes,0,2_0_061.png
642,Dolce & Gabbana,2,shoes,0,2_0_062.png
643,Dolce & Gabbana,2,shoes,0,2_0_063.png
644,Dolce & Gabbana,2,shoes,0,2_0_064.png
645,Dolce & Gabbana,2,shoes,0,2_0_065.png
646,Dolce & Gabbana,2,shoes,0,2_0_066.png
647,Dolce & Gabbana,2,shoes,0,2_0_067.png
648,Dolce & Gabbana,2,shoes,0,2_0_068.png
649,Dolce & Gabbana,2,shoes,0,2_0_069.png
650,Dolce & Gabbana,2,shoes,0,2_0_070.png
651,Dolce & Gabbana,2,shoes,0,2_0_071.png
652,Dolce & Gabbana,2,lipstick,1,2_1_001.png
653,Dolce & Gabbana,2,lipstick,1,2_1_002.png
654,Dolce & Gabbana,2,lipstick,1,2_1_003.png
655,Dolce & Gabbana,2,lipstick,1,2_1_004.png
656,Dolce & Gabbana,2,lipstick,1,2_1_005.png
657,Dolce & Gabbana,2,lipstick,1,2_1_006.png
658,Dolce & Gabbana,2,lipstick,1,2_1_007.png
659,Dolce & Gabbana,2,lipstick,1,2_1_008.png
660,Dolce & Gabbana,2,lipstick,1,2_1_009.png
661,Dolce & Gabbana,2,lipstick,1,2_1_010.png
662,Dolce & Gabbana,2,lipstick,1,2_1_011.png
663,Dolce & Gabbana,2,lipstick,1,2_1_012.png
664,Dolce & Gabbana,2,lipstick,1,2_1_013.png
665,Dolce & Gabbana,2,lipstick,1,2_1_014.png
666,Dolce & Gabbana,2,lipstick,1,2_1_015.png
667,Dolce & Gabbana,2,lipstick,1,2_1_016.png
668,Dolce & Gabbana,2,lipstick,1,2_1_017.png
669,Dolce & Gabbana,2,lipstick,1,2_1_018.png
670,Dolce & Gabbana,2,lipstick,1,2_1_019.png
671,Dolce & Gabbana,2,lipstick,1,2_1_020.png
672,Dolce & Gabbana,2,lipstick,1,2_1_021.png
673,Dolce & Gabbana,2,lipstick,1,2_1_022.png
674,Dolce & Gabbana,2,lipstick,1,2_1_023.png
675,Dolce & Gabbana,2,lipstick,1,2_1_024.png
676,Dolce & Gabbana,2,lipstick,1,2_1_025.png
677,Dolce & Gabbana,2,lipstick,1,2_1_026.png
678,Dolce & Gabbana,2,lipstick,1,2_1_027.png
679,Dolce & Gabbana,2,lipstick,1,2_1_028.png
680,Dolce & Gabbana,2,lipstick,1,2_1_029.png
681,Dolce & Gabbana,2,lipstick,1,2_1_030.png
682,Dolce & Gabbana,2,lipstick,1,2_1_031.png
683,Dolce & Gabbana,2,lipstick,1,2_1_032.png
684,Dolce & Gabbana,2,lipstick,1,2_1_033.png
685,Dolce & Gabbana,2,lipstick,1,2_1_034.png
686,Dolce & Gabbana,2,lipstick,1,2_1_035.png
687,Dolce & Gabbana,2,lipstick,1,2_1_036.png
688,Dolce & Gabbana,2,lipstick,1,2_1_037.png
689,Dolce & Gabbana,2,lipstick,1,2_1_038.png
690,Dolce & Gabbana,2,handbag,2,2_2_001.png
691,Dolce & Gabbana,2,handbag,2,2_2_002.png
692,Dolce & Gabbana,2,handbag,2,2_2_003.png
693,Dolce & Gabbana,2,handbag,2,2_2_004.png
694,Dolce & Gabbana,2,handbag,2,2_2_005.png
695,Dolce & Gabbana,2,handbag,2,2_2_006.png
696,Dolce & Gabbana,2,handbag,2,2_2_007.png
697,Dolce & Gabbana,2,handbag,2,2_2_008.png
698,Dolce & Gabbana,2,handbag,2,2_2_009.png
699,Dolce & Gabbana,2,handbag,2,2_2_010.png
700,Dolce & Gabbana,2,handbag,2,2_2_011.png
701,Dolce & Gabbana,2,handbag,2,2_2_012.png
702,Dolce & Gabbana,2,handbag,2,2_2_013.png
703,Dolce & Gabbana,2,handbag,2,2_2_014.png
704,Dolce & Gabbana,2,handbag,2,2_2_015.png
705,Dolce & Gabbana,2,handbag,2,2_2_016.png
706,Dolce & Gabbana,2,handbag,2,2_2_017.png
707,Dolce & Gabbana,2,handbag,2,2_2_018.png
708,Dolce & Gabbana,2,handbag,2,2_2_019.png
709,Dolce & Gabbana,2,handbag,2,2_2_020.png
710,Dolce & Gabbana,2,handbag,2,2_2_021.png
711,Dolce & Gabbana,2,handbag,2,2_2_022.png
712,Dolce & Gabbana,2,handbag,2,2_2_023.png
713,Dolce & Gabbana,2,handbag,2,2_2_024.png
714,Dolce & Gabbana,2,handbag,2,2_2_025.png
715,Dolce & Gabbana,2,handbag,2,2_2_026.png
716,Dolce & Gabbana,2,handbag,2,2_2_027.png
717,Dolce & Gabbana,2,handbag,2,2_2_028.png
718,Dolce & Gabbana,2,handbag,2,2_2_029.png
719,Dolce & Gabbana,2,handbag,2,2_2_030.png
720,Dolce & Gabbana,2,handbag,2,2_2_031.png
721,Dolce & Gabbana,2,handbag,2,2_2_032.png
722,Dolce & Gabbana,2,handbag,2,2_2_033.png
723,Dolce & Gabbana,2,handbag,2,2_2_034.png
724,Dolce & Gabbana,2,handbag,2,2_2_035.png
725,Dolce & Gabbana,2,handbag,2,2_2_036.png
726,Dolce & Gabbana,2,handbag,2,2_2_037.png
727,Dolce & Gabbana,2,handbag,2,2_2_038.png
728,Dolce & Gabbana,2,handbag,2,2_2_039.png
729,Dolce & Gabbana,2,handbag,2,2_2_040.png
730,Dolce & Gabbana,2,handbag,2,2_2_041.png
731,Dolce & Gabbana,2,handbag,2,2_2_042.png
732,Dolce & Gabbana,2,handbag,2,2_2_043.png
733,Dolce & Gabbana,2,handbag,2,2_2_044.png
734,Dolce & Gabbana,2,handbag,2,2_2_045.png
735,Dolce & Gabbana,2,handbag,2,2_2_046.png
736,Dolce & Gabbana,2,handbag,2,2_2_047.png
737,Dolce & Gabbana,2,handbag,2,2_2_048.png
738,Dolce & Gabbana,2,handbag,2,2_2_049.png
739,Dolce & Gabbana,2,handbag,2,2_2_050.png
740,Dolce & Gabbana,2,handbag,2,2_2_051.png
741,Dolce & Gabbana,2,handbag,2,2_2_052.png
742,Dolce & Gabbana,2,handbag,2,2_2_053.png
743,Dolce & Gabbana,2,handbag,2,2_2_054.png
744,Dolce & Gabbana,2,handbag,2,2_2_055.png
745,Dolce & Gabbana,2,handbag,2,2_2_056.png
746,Dolce & Gabbana,2,handbag,2,2_2_057.png
747,Dolce & Gabbana,2,handbag,2,2_2_058.png
748,Dolce & Gabbana,2,handbag,2,2_2_059.png
749,Dolce & Gabbana,2,handbag,2,2_2_060.png
750,Dolce & Gabbana,2,handbag,2,2_2_061.png
751,Dolce & Gabbana,2,handbag,2,2_2_062.png
752,Dolce & Gabbana,2,handbag,2,2_2_063.png
753,Dolce & Gabbana,2,handbag,2,2_2_064.png
754,Dolce & Gabbana,2,handbag,2,2_2_065.png
755,Dolce & Gabbana,2,handbag,2,2_2_066.png
756,Dolce & Gabbana,2,handbag,2,2_2_067.png
757,Dolce & Gabbana,2,handbag,2,2_2_068.png
758,Dolce & Gabbana,2,nail polish,3,2_3_001.png
759,Dolce & Gabbana,2,nail polish,3,2_3_002.png
760,Dolce & Gabbana,2,nail polish,3,2_3_003.png
761,Dolce & Gabbana,2,nail polish,3,2_3_004.png
762,Dolce & Gabbana,2,nail polish,3,2_3_005.png
763,Dolce & Gabbana,2,nail polish,3,2_3_006.png
764,Dolce & Gabbana,2,nail polish,3,2_3_007.png
765,Dolce & Gabbana,2,nail polish,3,2_3_008.png
766,Dolce & Gabbana,2,nail polish,3,2_3_009.png
767,Dolce & Gabbana,2,nail polish,3,2_3_010.png
768,Dolce & Gabbana,2,nail polish,3,2_3_011.png
769,Dolce & Gabbana,2,nail polish,3,2_3_012.png
770,Dolce & Gabbana,2,nail polish,3,2_3_013.png
771,Dolce & Gabbana,2,nail polish,3,2_3_014.png
772,Dolce & Gabbana,2,necklace,4,2_4_001.png
773,Dolce & Gabbana,2,necklace,4,2_4_002.png
774,Dolce & Gabbana,2,necklace,4,2_4_003.png
775,Dolce & Gabbana,2,necklace,4,2_4_004.png
776,Dolce & Gabbana,2,necklace,4,2_4_005.png
777,Dolce & Gabbana,2,necklace,4,2_4_006.png
778,Dolce & Gabbana,2,necklace,4,2_4_007.png
779,Dolce & Gabbana,2,necklace,4,2_4_008.png
780,Dolce & Gabbana,2,necklace,4,2_4_009.png
781,Dolce & Gabbana,2,necklace,4,2_4_010.png
782,Dolce & Gabbana,2,necklace,4,2_4_011.png
783,Dolce & Gabbana,2,necklace,4,2_4_012.png
784,Dolce & Gabbana,2,necklace,4,2_4_013.png
785,Dolce & Gabbana,2,necklace,4,2_4_014.png
786,Dolce & Gabbana,2,necklace,4,2_4_015.png
787,Dolce & Gabbana,2,necklace,4,2_4_016.png
788,Dolce & Gabbana,2,necklace,4,2_4_017.png
789,Dolce & Gabbana,2,necklace,4,2_4_018.png
790,Dolce & Gabbana,2,watches,5,2_5_001.png
791,Dolce & Gabbana,2,watches,5,2_5_002.png
792,Dolce & Gabbana,2,watches,5,2_5_003.png
793,Dolce & Gabbana,2,watches,5,2_5_004.png
794,Dolce & Gabbana,2,watches,5,2_5_005.png
795,Dolce & Gabbana,2,watches,5,2_5_006.png
796,Dolce & Gabbana,2,watches,5,2_5_007.png
797,Dolce & Gabbana,2,watches,5,2_5_008.png
798,Dolce & Gabbana,2,watches,5,2_5_009.png
799,Dolce & Gabbana,2,watches,5,2_5_010.png
800,Dolce & Gabbana,2,ring,6,2_6_001.png
801,Dolce & Gabbana,2,ring,6,2_6_002.png
802,Dolce & Gabbana,2,ring,6,2_6_003.png
803,Dolce & Gabbana,2,ring,6,2_6_004.png
804,Dolce & Gabbana,2,ring,6,2_6_005.png
805,Dolce & Gabbana,2,ring,6,2_6_006.png
806,Dolce & Gabbana,2,ring,6,2_6_007.png
807,Dolce & Gabbana,2,bracelet,7,2_7_001.png
808,Dolce & Gabbana,2,bracelet,7,2_7_002.png
809,Dolce & Gabbana,2,bracelet,7,2_7_003.png
810,Dolce & Gabbana,2,bracelet,7,2_7_004.png
811,Dolce & Gabbana,2,bracelet,7,2_7_005.png
812,Dolce & Gabbana,2,boots,8,2_8_001.png
813,Dolce & Gabbana,2,boots,8,2_8_002.png
814,Dolce & Gabbana,2,boots,8,2_8_003.png
815,Dolce & Gabbana,2,boots,8,2_8_004.png
816,Dolce & Gabbana,2,boots,8,2_8_005.png
817,Dolce & Gabbana,2,boots,8,2_8_006.png
818,Dolce & Gabbana,2,boots,8,2_8_007.png
819,Dolce & Gabbana,2,boots,8,2_8_008.png
820,Dolce & Gabbana,2,boots,8,2_8_009.png
821,Dolce & Gabbana,2,boots,8,2_8_010.png
822,Dolce & Gabbana,2,boots,8,2_8_011.png
823,Dolce & Gabbana,2,boots,8,2_8_012.png
824,Dolce & Gabbana,2,boots,8,2_8_013.png
825,Dolce & Gabbana,2,boots,8,2_8_014.png
826,Dolce & Gabbana,2,boots,8,2_8_015.png
827,Dolce & Gabbana,2,boots,8,2_8_016.png
828,Dolce & Gabbana,2,boots,8,2_8_017.png
829,Dolce & Gabbana,2,boots,8,2_8_018.png
830,Dolce & Gabbana,2,earrings,9,2_9_001.png
831,Dolce & Gabbana,2,earrings,9,2_9_002.png
832,Dolce & Gabbana,2,earrings,9,2_9_003.png
833,Dolce & Gabbana,2,earrings,9,2_9_004.png
834,Dolce & Gabbana,2,earrings,9,2_9_005.png
835,Dolce & Gabbana,2,earrings,9,2_9_006.png
836,Dolce & Gabbana,2,earrings,9,2_9_007.png
837,Dolce & Gabbana,2,earrings,9,2_9_008.png
838,Dolce & Gabbana,2,earrings,9,2_9_009.png
839,Dolce & Gabbana,2,earrings,9,2_9_010.png
840,Dolce & Gabbana,2,earrings,9,2_9_011.png
841,Dolce & Gabbana,2,earrings,9,2_9_012.png
842,Dolce & Gabbana,2,earrings,9,2_9_013.png
843,Dolce & Gabbana,2,earrings,9,2_9_014.png
844,Dolce & Gabbana,2,earrings,9,2_9_015.png
845,Dolce & Gabbana,2,earrings,9,2_9_016.png
846,Dolce & Gabbana,2,earrings,9,2_9_017.png
847,Dolce & Gabbana,2,earrings,9,2_9_018.png
848,Gucci,3,shoes,0,3_0_001.png
849,Gucci,3,shoes,0,3_0_002.png
850,Gucci,3,shoes,0,3_0_003.png
851,Gucci,3,shoes,0,3_0_004.png
852,Gucci,3,shoes,0,3_0_005.png
853,Gucci,3,shoes,0,3_0_006.png
854,Gucci,3,shoes,0,3_0_007.png
855,Gucci,3,shoes,0,3_0_008.png
856,Gucci,3,shoes,0,3_0_009.png
857,Gucci,3,shoes,0,3_0_010.png
858,Gucci,3,shoes,0,3_0_011.png
859,Gucci,3,shoes,0,3_0_012.png
860,Gucci,3,shoes,0,3_0_013.png
861,Gucci,3,shoes,0,3_0_014.png
862,Gucci,3,shoes,0,3_0_015.png
863,Gucci,3,shoes,0,3_0_016.png
864,Gucci,3,shoes,0,3_0_017.png
865,Gucci,3,shoes,0,3_0_018.png
866,Gucci,3,shoes,0,3_0_019.png
867,Gucci,3,shoes,0,3_0_020.png
868,Gucci,3,shoes,0,3_0_021.png
869,Gucci,3,shoes,0,3_0_022.png
870,Gucci,3,shoes,0,3_0_023.png
871,Gucci,3,shoes,0,3_0_024.png
872,Gucci,3,shoes,0,3_0_025.png
873,Gucci,3,shoes,0,3_0_026.png
874,Gucci,3,shoes,0,3_0_027.png
875,Gucci,3,shoes,0,3_0_028.png
876,Gucci,3,shoes,0,3_0_029.png
877,Gucci,3,shoes,0,3_0_030.png
878,Gucci,3,shoes,0,3_0_031.png
879,Gucci,3,shoes,0,3_0_032.png
880,Gucci,3,shoes,0,3_0_033.png
881,Gucci,3,shoes,0,3_0_034.png
882,Gucci,3,shoes,0,3_0_035.png
883,Gucci,3,shoes,0,3_0_036.png
884,Gucci,3,shoes,0,3_0_037.png
885,Gucci,3,shoes,0,3_0_038.png
886,Gucci,3,shoes,0,3_0_039.png
887,Gucci,3,shoes,0,3_0_040.png
888,Gucci,3,shoes,0,3_0_041.png
889,Gucci,3,shoes,0,3_0_042.png
890,Gucci,3,shoes,0,3_0_043.png
891,Gucci,3,shoes,0,3_0_044.png
892,Gucci,3,shoes,0,3_0_045.png
893,Gucci,3,shoes,0,3_0_046.png
894,Gucci,3,shoes,0,3_0_047.png
895,Gucci,3,shoes,0,3_0_048.png
896,Gucci,3,shoes,0,3_0_049.png
897,Gucci,3,shoes,0,3_0_050.png
898,Gucci,3,shoes,0,3_0_051.png
899,Gucci,3,shoes,0,3_0_052.png
900,Gucci,3,shoes,0,3_0_053.png
901,Gucci,3,shoes,0,3_0_054.png
902,Gucci,3,shoes,0,3_0_055.png
903,Gucci,3,shoes,0,3_0_056.png
904,Gucci,3,shoes,0,3_0_057.png
905,Gucci,3,shoes,0,3_0_058.png
906,Gucci,3,shoes,0,3_0_059.png
907,Gucci,3,shoes,0,3_0_060.png
908,Gucci,3,shoes,0,3_0_061.png
909,Gucci,3,shoes,0,3_0_062.png
910,Gucci,3,shoes,0,3_0_063.png
911,Gucci,3,shoes,0,3_0_064.png
912,Gucci,3,shoes,0,3_0_065.png
913,Gucci,3,shoes,0,3_0_066.png
914,Gucci,3,shoes,0,3_0_067.png
915,Gucci,3,shoes,0,3_0_068.png
916,Gucci,3,shoes,0,3_0_069.png
917,Gucci,3,shoes,0,3_0_070.png
918,Gucci,3,shoes,0,3_0_071.png
919,Gucci,3,shoes,0,3_0_072.png
920,Gucci,3,shoes,0,3_0_073.png
921,Gucci,3,shoes,0,3_0_074.png
922,Gucci,3,shoes,0,3_0_075.png
923,Gucci,3,shoes,0,3_0_076.png
924,Gucci,3,shoes,0,3_0_077.png
925,Gucci,3,shoes,0,3_0_078.png
926,Gucci,3,shoes,0,3_0_079.png
927,Gucci,3,shoes,0,3_0_080.png
928,Gucci,3,lipstick,1,3_1_001.png
929,Gucci,3,lipstick,1,3_1_002.png
930,Gucci,3,lipstick,1,3_1_003.png
931,Gucci,3,lipstick,1,3_1_004.png
932,Gucci,3,lipstick,1,3_1_005.png
933,Gucci,3,lipstick,1,3_1_006.png
934,Gucci,3,lipstick,1,3_1_007.png
935,Gucci,3,lipstick,1,3_1_008.png
936,Gucci,3,lipstick,1,3_1_009.png
937,Gucci,3,lipstick,1,3_1_010.png
938,Gucci,3,lipstick,1,3_1_011.png
939,Gucci,3,handbag,2,3_2_001.png
940,Gucci,3,handbag,2,3_2_002.png
941,Gucci,3,handbag,2,3_2_003.png
942,Gucci,3,handbag,2,3_2_004.png
943,Gucci,3,handbag,2,3_2_005.png
944,Gucci,3,handbag,2,3_2_006.png
945,Gucci,3,handbag,2,3_2_007.png
946,Gucci,3,handbag,2,3_2_008.png
947,Gucci,3,handbag,2,3_2_009.png
948,Gucci,3,handbag,2,3_2_010.png
949,Gucci,3,handbag,2,3_2_011.png
950,Gucci,3,handbag,2,3_2_012.png
951,Gucci,3,handbag,2,3_2_013.png
952,Gucci,3,handbag,2,3_2_014.png
953,Gucci,3,handbag,2,3_2_015.png
954,Gucci,3,handbag,2,3_2_016.png
955,Gucci,3,handbag,2,3_2_017.png
956,Gucci,3,handbag,2,3_2_018.png
957,Gucci,3,handbag,2,3_2_019.png
958,Gucci,3,handbag,2,3_2_020.png
959,Gucci,3,handbag,2,3_2_021.png
960,Gucci,3,handbag,2,3_2_022.png
961,Gucci,3,handbag,2,3_2_023.png
962,Gucci,3,handbag,2,3_2_024.png
963,Gucci,3,handbag,2,3_2_025.png
964,Gucci,3,handbag,2,3_2_026.png
965,Gucci,3,handbag,2,3_2_027.png
966,Gucci,3,handbag,2,3_2_028.png
967,Gucci,3,handbag,2,3_2_029.png
968,Gucci,3,handbag,2,3_2_030.png
969,Gucci,3,handbag,2,3_2_031.png
970,Gucci,3,handbag,2,3_2_032.png
971,Gucci,3,handbag,2,3_2_033.png
972,Gucci,3,handbag,2,3_2_034.png
973,Gucci,3,handbag,2,3_2_035.png
974,Gucci,3,handbag,2,3_2_036.png
975,Gucci,3,handbag,2,3_2_037.png
976,Gucci,3,handbag,2,3_2_038.png
977,Gucci,3,handbag,2,3_2_039.png
978,Gucci,3,handbag,2,3_2_040.png
979,Gucci,3,handbag,2,3_2_041.png
980,Gucci,3,handbag,2,3_2_042.png
981,Gucci,3,handbag,2,3_2_043.png
982,Gucci,3,handbag,2,3_2_044.png
983,Gucci,3,handbag,2,3_2_045.png
984,Gucci,3,handbag,2,3_2_046.png
985,Gucci,3,handbag,2,3_2_047.png
986,Gucci,3,handbag,2,3_2_048.png
987,Gucci,3,handbag,2,3_2_049.png
988,Gucci,3,handbag,2,3_2_050.png
989,Gucci,3,handbag,2,3_2_051.png
990,Gucci,3,handbag,2,3_2_052.png
991,Gucci,3,handbag,2,3_2_053.png
992,Gucci,3,handbag,2,3_2_054.png
993,Gucci,3,handbag,2,3_2_055.png
994,Gucci,3,handbag,2,3_2_056.png
995,Gucci,3,handbag,2,3_2_057.png
996,Gucci,3,handbag,2,3_2_058.png
997,Gucci,3,handbag,2,3_2_059.png
998,Gucci,3,handbag,2,3_2_060.png
999,Gucci,3,handbag,2,3_2_061.png
1000,Gucci,3,handbag,2,3_2_062.png
1001,Gucci,3,handbag,2,3_2_063.png
1002,Gucci,3,handbag,2,3_2_064.png
1003,Gucci,3,handbag,2,3_2_065.png
1004,Gucci,3,handbag,2,3_2_066.png
1005,Gucci,3,handbag,2,3_2_067.png
1006,Gucci,3,handbag,2,3_2_068.png
1007,Gucci,3,nail polish,3,3_3_001.png
1008,Gucci,3,nail polish,3,3_3_002.png
1009,Gucci,3,nail polish,3,3_3_003.png
1010,Gucci,3,nail polish,3,3_3_004.png
1011,Gucci,3,nail polish,3,3_3_005.png
1012,Gucci,3,nail polish,3,3_3_006.png
1013,Gucci,3,nail polish,3,3_3_007.png
1014,Gucci,3,nail polish,3,3_3_008.png
1015,Gucci,3,nail polish,3,3_3_009.png
1016,Gucci,3,necklace,4,3_4_001.png
1017,Gucci,3,necklace,4,3_4_002.png
1018,Gucci,3,necklace,4,3_4_003.png
1019,Gucci,3,necklace,4,3_4_004.png
1020,Gucci,3,necklace,4,3_4_005.png
1021,Gucci,3,necklace,4,3_4_006.png
1022,Gucci,3,necklace,4,3_4_007.png
1023,Gucci,3,necklace,4,3_4_008.png
1024,Gucci,3,necklace,4,3_4_009.png
1025,Gucci,3,necklace,4,3_4_010.png
1026,Gucci,3,necklace,4,3_4_011.png
1027,Gucci,3,necklace,4,3_4_012.png
1028,Gucci,3,necklace,4,3_4_013.png
1029,Gucci,3,necklace,4,3_4_014.png
1030,Gucci,3,necklace,4,3_4_015.png
1031,Gucci,3,necklace,4,3_4_016.png
1032,Gucci,3,necklace,4,3_4_017.png
1033,Gucci,3,necklace,4,3_4_018.png
1034,Gucci,3,necklace,4,3_4_019.png
1035,Gucci,3,necklace,4,3_4_020.png
1036,Gucci,3,necklace,4,3_4_021.png
1037,Gucci,3,necklace,4,3_4_022.png
1038,Gucci,3,watches,5,3_5_001.png
1039,Gucci,3,watches,5,3_5_002.png
1040,Gucci,3,watches,5,3_5_003.png
1041,Gucci,3,watches,5,3_5_004.png
1042,Gucci,3,watches,5,3_5_005.png
1043,Gucci,3,watches,5,3_5_006.png
1044,Gucci,3,watches,5,3_5_007.png
1045,Gucci,3,watches,5,3_5_008.png
1046,Gucci,3,watches,5,3_5_009.png
1047,Gucci,3,watches,5,3_5_010.png
1048,Gucci,3,watches,5,3_5_011.png
1049,Gucci,3,watches,5,3_5_012.png
1050,Gucci,3,watches,5,3_5_013.png
1051,Gucci,3,watches,5,3_5_014.png
1052,Gucci,3,watches,5,3_5_015.png
1053,Gucci,3,watches,5,3_5_016.png
1054,Gucci,3,watches,5,3_5_017.png
1055,Gucci,3,watches,5,3_5_018.png
1056,Gucci,3,watches,5,3_5_019.png
1057,Gucci,3,watches,5,3_5_020.png
1058,Gucci,3,watches,5,3_5_021.png
1059,Gucci,3,watches,5,3_5_022.png
1060,Gucci,3,watches,5,3_5_023.png
1061,Gucci,3,watches,5,3_5_024.png
1062,Gucci,3,watches,5,3_5_025.png
1063,Gucci,3,watches,5,3_5_026.png
1064,Gucci,3,ring,6,3_6_001.png
1065,Gucci,3,ring,6,3_6_002.png
1066,Gucci,3,ring,6,3_6_003.png
1067,Gucci,3,ring,6,3_6_004.png
1068,Gucci,3,ring,6,3_6_005.png
1069,Gucci,3,ring,6,3_6_006.png
1070,Gucci,3,ring,6,3_6_007.png
1071,Gucci,3,ring,6,3_6_008.png
1072,Gucci,3,ring,6,3_6_009.png
1073,Gucci,3,ring,6,3_6_010.png
1074,Gucci,3,ring,6,3_6_011.png
1075,Gucci,3,ring,6,3_6_012.png
1076,Gucci,3,ring,6,3_6_013.png
1077,Gucci,3,ring,6,3_6_014.png
1078,Gucci,3,ring,6,3_6_015.png
1079,Gucci,3,ring,6,3_6_016.png
1080,Gucci,3,ring,6,3_6_017.png
1081,Gucci,3,ring,6,3_6_018.png
1082,Gucci,3,ring,6,3_6_019.png
1083,Gucci,3,ring,6,3_6_020.png
1084,Gucci,3,ring,6,3_6_021.png
1085,Gucci,3,ring,6,3_6_022.png
1086,Gucci,3,ring,6,3_6_023.png
1087,Gucci,3,ring,6,3_6_024.png
1088,Gucci,3,ring,6,3_6_025.png
1089,Gucci,3,ring,6,3_6_026.png
1090,Gucci,3,ring,6,3_6_027.png
1091,Gucci,3,ring,6,3_6_028.png
1092,Gucci,3,ring,6,3_6_029.png
1093,Gucci,3,ring,6,3_6_030.png
1094,Gucci,3,ring,6,3_6_031.png
1095,Gucci,3,ring,6,3_6_032.png
1096,Gucci,3,ring,6,3_6_033.png
1097,Gucci,3,ring,6,3_6_034.png
1098,Gucci,3,ring,6,3_6_035.png
1099,Gucci,3,ring,6,3_6_036.png
1100,Gucci,3,ring,6,3_6_037.png
1101,Gucci,3,ring,6,3_6_038.png
1102,Gucci,3,ring,6,3_6_039.png
1103,Gucci,3,ring,6,3_6_040.png
1104,Gucci,3,ring,6,3_6_041.png
1105,Gucci,3,ring,6,3_6_042.png
1106,Gucci,3,ring,6,3_6_043.png
1107,Gucci,3,ring,6,3_6_044.png
1108,Gucci,3,ring,6,3_6_045.png
1109,Gucci,3,ring,6,3_6_046.png
1110,Gucci,3,ring,6,3_6_047.png
1111,Gucci,3,bracelet,7,3_7_001.png
1112,Gucci,3,bracelet,7,3_7_002.png
1113,Gucci,3,bracelet,7,3_7_003.png
1114,Gucci,3,bracelet,7,3_7_004.png
1115,Gucci,3,bracelet,7,3_7_005.png
1116,Gucci,3,bracelet,7,3_7_006.png
1117,Gucci,3,bracelet,7,3_7_007.png
1118,Gucci,3,bracelet,7,3_7_008.png
1119,Gucci,3,bracelet,7,3_7_009.png
1120,Gucci,3,bracelet,7,3_7_010.png
1121,Gucci,3,bracelet,7,3_7_011.png
1122,Gucci,3,bracelet,7,3_7_012.png
1123,Gucci,3,bracelet,7,3_7_013.png
1124,Gucci,3,bracelet,7,3_7_014.png
1125,Gucci,3,bracelet,7,3_7_015.png
1126,Gucci,3,bracelet,7,3_7_016.png
1127,Gucci,3,bracelet,7,3_7_017.png
1128,Gucci,3,bracelet,7,3_7_018.png
1129,Gucci,3,bracelet,7,3_7_019.png
1130,Gucci,3,bracelet,7,3_7_020.png
1131,Gucci,3,bracelet,7,3_7_021.png
1132,Gucci,3,bracelet,7,3_7_022.png
1133,Gucci,3,bracelet,7,3_7_023.png
1134,Gucci,3,bracelet,7,3_7_024.png
1135,Gucci,3,bracelet,7,3_7_025.png
1136,Gucci,3,bracelet,7,3_7_026.png
1137,Gucci,3,bracelet,7,3_7_027.png
1138,Gucci,3,bracelet,7,3_7_028.png
1139,Gucci,3,bracelet,7,3_7_029.png
1140,Gucci,3,bracelet,7,3_7_030.png
1141,Gucci,3,boots,8,3_8_001.png
1142,Gucci,3,boots,8,3_8_002.png
1143,Gucci,3,boots,8,3_8_003.png
1144,Gucci,3,boots,8,3_8_004.png
1145,Gucci,3,boots,8,3_8_005.png
1146,Gucci,3,boots,8,3_8_006.png
1147,Gucci,3,boots,8,3_8_007.png
1148,Gucci,3,boots,8,3_8_008.png
1149,Gucci,3,boots,8,3_8_009.png
1150,Gucci,3,boots,8,3_8_010.png
1151,Gucci,3,boots,8,3_8_011.png
1152,Gucci,3,boots,8,3_8_012.png
1153,Gucci,3,boots,8,3_8_013.png
1154,Gucci,3,boots,8,3_8_014.png
1155,Gucci,3,boots,8,3_8_015.png
1156,Gucci,3,earrings,9,3_9_001.png
1157,Gucci,3,earrings,9,3_9_002.png
1158,Gucci,3,earrings,9,3_9_003.png
1159,Gucci,3,earrings,9,3_9_004.png
1160,Gucci,3,earrings,9,3_9_005.png
1161,Gucci,3,earrings,9,3_9_006.png
1162,Gucci,3,earrings,9,3_9_007.png
1163,Gucci,3,earrings,9,3_9_008.png
1164,Gucci,3,earrings,9,3_9_009.png
1165,Gucci,3,earrings,9,3_9_010.png
1166,Gucci,3,earrings,9,3_9_011.png
1167,Gucci,3,earrings,9,3_9_012.png
1168,Gucci,3,earrings,9,3_9_013.png
1169,Gucci,3,earrings,9,3_9_014.png
1170,Gucci,3,earrings,9,3_9_015.png
1171,Gucci,3,earrings,9,3_9_016.png
1172,Gucci,3,earrings,9,3_9_017.png
1173,Gucci,3,earrings,9,3_9_018.png
1174,Gucci,3,earrings,9,3_9_019.png
1175,Gucci,3,earrings,9,3_9_020.png
1176,Gucci,3,earrings,9,3_9_021.png
1177,Gucci,3,earrings,9,3_9_022.png
1178,Gucci,3,earrings,9,3_9_023.png
1179,Gucci,3,earrings,9,3_9_024.png
1180,Gucci,3,earrings,9,3_9_025.png
1181,Christian Dior,4,shoes,0,4_0_001.png
1182,Christian Dior,4,shoes,0,4_0_002.png
1183,Christian Dior,4,shoes,0,4_0_003.png
1184,Christian Dior,4,shoes,0,4_0_004.png
1185,Christian Dior,4,shoes,0,4_0_005.png
1186,Christian Dior,4,shoes,0,4_0_006.png
1187,Christian Dior,4,shoes,0,4_0_007.png
1188,Christian Dior,4,shoes,0,4_0_008.png
1189,Christian Dior,4,shoes,0,4_0_009.png
1190,Christian Dior,4,shoes,0,4_0_010.png
1191,Christian Dior,4,shoes,0,4_0_011.png
1192,Christian Dior,4,shoes,0,4_0_012.png
1193,Christian Dior,4,shoes,0,4_0_013.png
1194,Christian Dior,4,shoes,0,4_0_014.png
1195,Christian Dior,4,shoes,0,4_0_015.png
1196,Christian Dior,4,shoes,0,4_0_016.png
1197,Christian Dior,4,shoes,0,4_0_017.png
1198,Christian Dior,4,shoes,0,4_0_018.png
1199,Christian Dior,4,shoes,0,4_0_019.png
1200,Christian Dior,4,shoes,0,4_0_020.png
1201,Christian Dior,4,shoes,0,4_0_021.png
1202,Christian Dior,4,shoes,0,4_0_022.png
1203,Christian Dior,4,shoes,0,4_0_023.png
1204,Christian Dior,4,shoes,0,4_0_024.png
1205,Christian Dior,4,shoes,0,4_0_025.png
1206,Christian Dior,4,shoes,0,4_0_026.png
1207,Christian Dior,4,shoes,0,4_0_027.png
1208,Christian Dior,4,shoes,0,4_0_028.png
1209,Christian Dior,4,shoes,0,4_0_029.png
1210,Christian Dior,4,shoes,0,4_0_030.png
1211,Christian Dior,4,shoes,0,4_0_031.png
1212,Christian Dior,4,shoes,0,4_0_032.png
1213,Christian Dior,4,shoes,0,4_0_033.png
1214,Christian Dior,4,shoes,0,4_0_034.png
1215,Christian Dior,4,shoes,0,4_0_035.png
1216,Christian Dior,4,shoes,0,4_0_036.png
1217,Christian Dior,4,shoes,0,4_0_037.png
1218,Christian Dior,4,shoes,0,4_0_038.png
1219,Christian Dior,4,shoes,0,4_0_039.png
1220,Christian Dior,4,shoes,0,4_0_040.png
1221,Christian Dior,4,shoes,0,4_0_041.png
1222,Christian Dior,4,shoes,0,4_0_042.png
1223,Christian Dior,4,shoes,0,4_0_043.png
1224,Christian Dior,4,shoes,0,4_0_044.png
1225,Christian Dior,4,shoes,0,4_0_045.png
1226,Christian Dior,4,lipstick,1,4_1_001.png
1227,Christian Dior,4,lipstick,1,4_1_002.png
1228,Christian Dior,4,lipstick,1,4_1_003.png
1229,Christian Dior,4,lipstick,1,4_1_004.png
1230,Christian Dior,4,lipstick,1,4_1_005.png
1231,Christian Dior,4,lipstick,1,4_1_006.png
1232,Christian Dior,4,lipstick,1,4_1_007.png
1233,Christian Dior,4,lipstick,1,4_1_008.png
1234,Christian Dior,4,lipstick,1,4_1_009.png
1235,Christian Dior,4,lipstick,1,4_1_010.png
1236,Christian Dior,4,lipstick,1,4_1_011.png
1237,Christian Dior,4,lipstick,1,4_1_012.png
1238,Christian Dior,4,lipstick,1,4_1_013.png
1239,Christian Dior,4,lipstick,1,4_1_014.png
1240,Christian Dior,4,lipstick,1,4_1_015.png
1241,Christian Dior,4,lipstick,1,4_1_016.png
1242,Christian Dior,4,lipstick,1,4_1_017.png
1243,Christian Dior,4,lipstick,1,4_1_018.png
1244,Christian Dior,4,lipstick,1,4_1_019.png
1245,Christian Dior,4,lipstick,1,4_1_020.png
1246,Christian Dior,4,lipstick,1,4_1_021.png
1247,Christian Dior,4,lipstick,1,4_1_022.png
1248,Christian Dior,4,lipstick,1,4_1_023.png
1249,Christian Dior,4,lipstick,1,4_1_024.png
1250,Christian Dior,4,lipstick,1,4_1_025.png
1251,Christian Dior,4,lipstick,1,4_1_026.png
1252,Christian Dior,4,lipstick,1,4_1_027.png
1253,Christian Dior,4,lipstick,1,4_1_028.png
1254,Christian Dior,4,lipstick,1,4_1_029.png
1255,Christian Dior,4,lipstick,1,4_1_030.png
1256,Christian Dior,4,lipstick,1,4_1_031.png
1257,Christian Dior,4,lipstick,1,4_1_032.png
1258,Christian Dior,4,lipstick,1,4_1_033.png
1259,Christian Dior,4,lipstick,1,4_1_034.png
1260,Christian Dior,4,lipstick,1,4_1_035.png
1261,Christian Dior,4,lipstick,1,4_1_036.png
1262,Christian Dior,4,lipstick,1,4_1_037.png
1263,Christian Dior,4,lipstick,1,4_1_038.png
1264,Christian Dior,4,lipstick,1,4_1_039.png
1265,Christian Dior,4,lipstick,1,4_1_040.png
1266,Christian Dior,4,lipstick,1,4_1_041.png
1267,Christian Dior,4,lipstick,1,4_1_042.png
1268,Christian Dior,4,lipstick,1,4_1_043.png
1269,Christian Dior,4,lipstick,1,4_1_044.png
1270,Christian Dior,4,lipstick,1,4_1_045.png
1271,Christian Dior,4,lipstick,1,4_1_046.png
1272,Christian Dior,4,lipstick,1,4_1_047.png
1273,Christian Dior,4,lipstick,1,4_1_048.png
1274,Christian Dior,4,lipstick,1,4_1_049.png
1275,Christian Dior,4,lipstick,1,4_1_050.png
1276,Christian Dior,4,lipstick,1,4_1_051.png
1277,Christian Dior,4,lipstick,1,4_1_052.png
1278,Christian Dior,4,lipstick,1,4_1_053.png
1279,Christian Dior,4,lipstick,1,4_1_054.png
1280,Christian Dior,4,lipstick,1,4_1_055.png
1281,Christian Dior,4,lipstick,1,4_1_056.png
1282,Christian Dior,4,handbag,2,4_2_001.png
1283,Christian Dior,4,handbag,2,4_2_002.png
1284,Christian Dior,4,handbag,2,4_2_003.png
1285,Christian Dior,4,handbag,2,4_2_004.png
1286,Christian Dior,4,handbag,2,4_2_005.png
1287,Christian Dior,4,handbag,2,4_2_006.png
1288,Christian Dior,4,handbag,2,4_2_007.png
1289,Christian Dior,4,handbag,2,4_2_008.png
1290,Christian Dior,4,handbag,2,4_2_009.png
1291,Christian Dior,4,handbag,2,4_2_010.png
1292,Christian Dior,4,handbag,2,4_2_011.png
1293,Christian Dior,4,handbag,2,4_2_012.png
1294,Christian Dior,4,handbag,2,4_2_013.png
1295,Christian Dior,4,handbag,2,4_2_014.png
1296,Christian Dior,4,handbag,2,4_2_015.png
1297,Christian Dior,4,handbag,2,4_2_016.png
1298,Christian Dior,4,handbag,2,4_2_017.png
1299,Christian Dior,4,handbag,2,4_2_018.png
1300,Christian Dior,4,handbag,2,4_2_019.png
1301,Christian Dior,4,handbag,2,4_2_020.png
1302,Christian Dior,4,handbag,2,4_2_021.png
1303,Christian Dior,4,handbag,2,4_2_022.png
1304,Christian Dior,4,handbag,2,4_2_023.png
1305,Christian Dior,4,handbag,2,4_2_024.png
1306,Christian Dior,4,handbag,2,4_2_025.png
1307,Christian Dior,4,handbag,2,4_2_026.png
1308,Christian Dior,4,handbag,2,4_2_027.png
1309,Christian Dior,4,handbag,2,4_2_028.png
1310,Christian Dior,4,handbag,2,4_2_029.png
1311,Christian Dior,4,handbag,2,4_2_030.png
1312,Christian Dior,4,handbag,2,4_2_031.png
1313,Christian Dior,4,handbag,2,4_2_032.png
1314,Christian Dior,4,handbag,2,4_2_033.png
1315,Christian Dior,4,handbag,2,4_2_034.png
1316,Christian Dior,4,handbag,2,4_2_035.png
1317,Christian Dior,4,handbag,2,4_2_036.png
1318,Christian Dior,4,handbag,2,4_2_037.png
1319,Christian Dior,4,handbag,2,4_2_038.png
1320,Christian Dior,4,handbag,2,4_2_039.png
1321,Christian Dior,4,handbag,2,4_2_040.png
1322,Christian Dior,4,handbag,2,4_2_041.png
1323,Christian Dior,4,handbag,2,4_2_042.png
1324,Christian Dior,4,handbag,2,4_2_043.png
1325,Christian Dior,4,handbag,2,4_2_044.png
1326,Christian Dior,4,handbag,2,4_2_045.png
1327,Christian Dior,4,handbag,2,4_2_046.png
1328,Christian Dior,4,handbag,2,4_2_047.png
1329,Christian Dior,4,handbag,2,4_2_048.png
1330,Christian Dior,4,handbag,2,4_2_049.png
1331,Christian Dior,4,handbag,2,4_2_050.png
1332,Christian Dior,4,handbag,2,4_2_051.png
1333,Christian Dior,4,handbag,2,4_2_052.png
1334,Christian Dior,4,handbag,2,4_2_053.png
1335,Christian Dior,4,handbag,2,4_2_054.png
1336,Christian Dior,4,handbag,2,4_2_055.png
1337,Christian Dior,4,handbag,2,4_2_056.png
1338,Christian Dior,4,handbag,2,4_2_057.png
1339,Christian Dior,4,handbag,2,4_2_058.png
1340,Christian Dior,4,handbag,2,4_2_059.png
1341,Christian Dior,4,handbag,2,4_2_060.png
1342,Christian Dior,4,handbag,2,4_2_061.png
1343,Christian Dior,4,handbag,2,4_2_062.png
1344,Christian Dior,4,handbag,2,4_2_063.png
1345,Christian Dior,4,handbag,2,4_2_064.png
1346,Christian Dior,4,handbag,2,4_2_065.png
1347,Christian Dior,4,handbag,2,4_2_066.png
1348,Christian Dior,4,handbag,2,4_2_067.png
1349,Christian Dior,4,handbag,2,4_2_068.png
1350,Christian Dior,4,handbag,2,4_2_069.png
1351,Christian Dior,4,nail polish,3,4_3_001.png
1352,Christian Dior,4,nail polish,3,4_3_002.png
1353,Christian Dior,4,nail polish,3,4_3_003.png
1354,Christian Dior,4,nail polish,3,4_3_004.png
1355,Christian Dior,4,nail polish,3,4_3_005.png
1356,Christian Dior,4,nail polish,3,4_3_006.png
1357,Christian Dior,4,nail polish,3,4_3_007.png
1358,Christian Dior,4,nail polish,3,4_3_008.png
1359,Christian Dior,4,nail polish,3,4_3_009.png
1360,Christian Dior,4,nail polish,3,4_3_010.png
1361,Christian Dior,4,nail polish,3,4_3_011.png
1362,Christian Dior,4,nail polish,3,4_3_012.png
1363,Christian Dior,4,nail polish,3,4_3_013.png
1364,Christian Dior,4,nail polish,3,4_3_014.png
1365,Christian Dior,4,nail polish,3,4_3_015.png
1366,Christian Dior,4,nail polish,3,4_3_016.png
1367,Christian Dior,4,nail polish,3,4_3_017.png
1368,Christian Dior,4,nail polish,3,4_3_018.png
1369,Christian Dior,4,nail polish,3,4_3_019.png
1370,Christian Dior,4,nail polish,3,4_3_020.png
1371,Christian Dior,4,nail polish,3,4_3_021.png
1372,Christian Dior,4,nail polish,3,4_3_022.png
1373,Christian Dior,4,nail polish,3,4_3_023.png
1374,Christian Dior,4,nail polish,3,4_3_024.png
1375,Christian Dior,4,nail polish,3,4_3_025.png
1376,Christian Dior,4,nail polish,3,4_3_026.png
1377,Christian Dior,4,nail polish,3,4_3_027.png
1378,Christian Dior,4,nail polish,3,4_3_028.png
1379,Christian Dior,4,nail polish,3,4_3_029.png
1380,Christian Dior,4,nail polish,3,4_3_030.png
1381,Christian Dior,4,nail polish,3,4_3_031.png
1382,Christian Dior,4,necklace,4,4_4_001.png
1383,Christian Dior,4,necklace,4,4_4_002.png
1384,Christian Dior,4,necklace,4,4_4_003.png
1385,Christian Dior,4,necklace,4,4_4_004.png
1386,Christian Dior,4,necklace,4,4_4_005.png
1387,Christian Dior,4,necklace,4,4_4_006.png
1388,Christian Dior,4,necklace,4,4_4_007.png
1389,Christian Dior,4,necklace,4,4_4_008.png
1390,Christian Dior,4,necklace,4,4_4_009.png
1391,Christian Dior,4,necklace,4,4_4_010.png
1392,Christian Dior,4,necklace,4,4_4_011.png
1393,Christian Dior,4,necklace,4,4_4_012.png
1394,Christian Dior,4,necklace,4,4_4_013.png
1395,Christian Dior,4,necklace,4,4_4_014.png
1396,Christian Dior,4,necklace,4,4_4_015.png
1397,Christian Dior,4,necklace,4,4_4_016.png
1398,Christian Dior,4,necklace,4,4_4_017.png
1399,Christian Dior,4,necklace,4,4_4_018.png
1400,Christian Dior,4,necklace,4,4_4_019.png
1401,Christian Dior,4,necklace,4,4_4_020.png
1402,Christian Dior,4,necklace,4,4_4_021.png
1403,Christian Dior,4,necklace,4,4_4_022.png
1404,Christian Dior,4,necklace,4,4_4_023.png
1405,Christian Dior,4,necklace,4,4_4_024.png
1406,Christian Dior,4,necklace,4,4_4_025.png
1407,Christian Dior,4,necklace,4,4_4_026.png
1408,Christian Dior,4,necklace,4,4_4_027.png
1409,Christian Dior,4,necklace,4,4_4_028.png
1410,Christian Dior,4,necklace,4,4_4_029.png
1411,Christian Dior,4,necklace,4,4_4_030.png
1412,Christian Dior,4,necklace,4,4_4_031.png
1413,Christian Dior,4,necklace,4,4_4_032.png
1414,Christian Dior,4,necklace,4,4_4_033.png
1415,Christian Dior,4,necklace,4,4_4_034.png
1416,Christian Dior,4,necklace,4,4_4_035.png
1417,Christian Dior,4,necklace,4,4_4_036.png
1418,Christian Dior,4,necklace,4,4_4_037.png
1419,Christian Dior,4,necklace,4,4_4_038.png
1420,Christian Dior,4,necklace,4,4_4_039.png
1421,Christian Dior,4,watches,5,4_5_001.png
1422,Christian Dior,4,watches,5,4_5_002.png
1423,Christian Dior,4,watches,5,4_5_003.png
1424,Christian Dior,4,watches,5,4_5_004.png
1425,Christian Dior,4,watches,5,4_5_005.png
1426,Christian Dior,4,watches,5,4_5_006.png
1427,Christian Dior,4,watches,5,4_5_007.png
1428,Christian Dior,4,watches,5,4_5_008.png
1429,Christian Dior,4,watches,5,4_5_009.png
1430,Christian Dior,4,watches,5,4_5_010.png
1431,Christian Dior,4,watches,5,4_5_011.png
1432,Christian Dior,4,watches,5,4_5_012.png
1433,Christian Dior,4,watches,5,4_5_013.png
1434,Christian Dior,4,watches,5,4_5_014.png
1435,Christian Dior,4,watches,5,4_5_015.png
1436,Christian Dior,4,watches,5,4_5_016.png
1437,Christian Dior,4,watches,5,4_5_017.png
1438,Christian Dior,4,watches,5,4_5_018.png
1439,Christian Dior,4,watches,5,4_5_019.png
1440,Christian Dior,4,watches,5,4_5_020.png
1441,Christian Dior,4,watches,5,4_5_021.png
1442,Christian Dior,4,watches,5,4_5_022.png
1443,Christian Dior,4,watches,5,4_5_023.png
1444,Christian Dior,4,watches,5,4_5_024.png
1445,Christian Dior,4,watches,5,4_5_025.png
1446,Christian Dior,4,watches,5,4_5_026.png
1447,Christian Dior,4,watches,5,4_5_027.png
1448,Christian Dior,4,watches,5,4_5_028.png
1449,Christian Dior,4,watches,5,4_5_029.png
1450,Christian Dior,4,watches,5,4_5_030.png
1451,Christian Dior,4,watches,5,4_5_031.png
1452,Christian Dior,4,watches,5,4_5_032.png
1453,Christian Dior,4,watches,5,4_5_033.png
1454,Christian Dior,4,watches,5,4_5_034.png
1455,Christian Dior,4,watches,5,4_5_035.png
1456,Christian Dior,4,watches,5,4_5_036.png
1457,Christian Dior,4,watches,5,4_5_037.png
1458,Christian Dior,4,watches,5,4_5_038.png
1459,Christian Dior,4,watches,5,4_5_039.png
1460,Christian Dior,4,watches,5,4_5_040.png
1461,Christian Dior,4,watches,5,4_5_041.png
1462,Christian Dior,4,watches,5,4_5_042.png
1463,Christian Dior,4,watches,5,4_5_043.png
1464,Christian Dior,4,watches,5,4_5_044.png
1465,Christian Dior,4,watches,5,4_5_045.png
1466,Christian Dior,4,watches,5,4_5_046.png
1467,Christian Dior,4,watches,5,4_5_047.png
1468,Christian Dior,4,ring,6,4_6_001.png
1469,Christian Dior,4,ring,6,4_6_002.png
1470,Christian Dior,4,ring,6,4_6_003.png
1471,Christian Dior,4,ring,6,4_6_004.png
1472,Christian Dior,4,ring,6,4_6_005.png
1473,Christian Dior,4,ring,6,4_6_006.png
1474,Christian Dior,4,ring,6,4_6_007.png
1475,Christian Dior,4,ring,6,4_6_008.png
1476,Christian Dior,4,ring,6,4_6_009.png
1477,Christian Dior,4,ring,6,4_6_010.png
1478,Christian Dior,4,ring,6,4_6_011.png
1479,Christian Dior,4,ring,6,4_6_012.png
1480,Christian Dior,4,ring,6,4_6_013.png
1481,Christian Dior,4,ring,6,4_6_014.png
1482,Christian Dior,4,ring,6,4_6_015.png
1483,Christian Dior,4,ring,6,4_6_016.png
1484,Christian Dior,4,ring,6,4_6_017.png
1485,Christian Dior,4,ring,6,4_6_018.png
1486,Christian Dior,4,ring,6,4_6_019.png
1487,Christian Dior,4,ring,6,4_6_020.png
1488,Christian Dior,4,ring,6,4_6_021.png
1489,Christian Dior,4,ring,6,4_6_022.png
1490,Christian Dior,4,ring,6,4_6_023.png
1491,Christian Dior,4,ring,6,4_6_024.png
1492,Christian Dior,4,ring,6,4_6_025.png
1493,Christian Dior,4,ring,6,4_6_026.png
1494,Christian Dior,4,ring,6,4_6_027.png
1495,Christian Dior,4,ring,6,4_6_028.png
1496,Christian Dior,4,ring,6,4_6_029.png
1497,Christian Dior,4,ring,6,4_6_030.png
1498,Christian Dior,4,ring,6,4_6_031.png
1499,Christian Dior,4,ring,6,4_6_032.png
1500,Christian Dior,4,ring,6,4_6_033.png
1501,Christian Dior,4,ring,6,4_6_034.png
1502,Christian Dior,4,ring,6,4_6_035.png
1503,Christian Dior,4,ring,6,4_6_036.png
1504,Christian Dior,4,ring,6,4_6_037.png
1505,Christian Dior,4,ring,6,4_6_038.png
1506,Christian Dior,4,ring,6,4_6_039.png
1507,Christian Dior,4,ring,6,4_6_040.png
1508,Christian Dior,4,ring,6,4_6_041.png
1509,Christian Dior,4,ring,6,4_6_042.png
1510,Christian Dior,4,ring,6,4_6_043.png
1511,Christian Dior,4,ring,6,4_6_044.png
1512,Christian Dior,4,ring,6,4_6_045.png
1513,Christian Dior,4,ring,6,4_6_046.png
1514,Christian Dior,4,ring,6,4_6_047.png
1515,Christian Dior,4,ring,6,4_6_048.png
1516,Christian Dior,4,ring,6,4_6_049.png
1517,Christian Dior,4,ring,6,4_6_050.png
1518,Christian Dior,4,ring,6,4_6_051.png
1519,Christian Dior,4,ring,6,4_6_052.png
1520,Christian Dior,4,ring,6,4_6_053.png
1521,Christian Dior,4,ring,6,4_6_054.png
1522,Christian Dior,4,ring,6,4_6_055.png
1523,Christian Dior,4,ring,6,4_6_056.png
1524,Christian Dior,4,ring,6,4_6_057.png
1525,Christian Dior,4,ring,6,4_6_058.png
1526,Christian Dior,4,ring,6,4_6_059.png
1527,Christian Dior,4,ring,6,4_6_060.png
1528,Christian Dior,4,ring,6,4_6_061.png
1529,Christian Dior,4,ring,6,4_6_062.png
1530,Christian Dior,4,ring,6,4_6_063.png
1531,Christian Dior,4,ring,6,4_6_064.png
1532,Christian Dior,4,ring,6,4_6_065.png
1533,Christian Dior,4,ring,6,4_6_066.png
1534,Christian Dior,4,ring,6,4_6_067.png
1535,Christian Dior,4,ring,6,4_6_068.png
1536,Christian Dior,4,ring,6,4_6_069.png
1537,Christian Dior,4,ring,6,4_6_070.png
1539,Christian Dior,4,ring,6,4_6_072.png
1540,Christian Dior,4,ring,6,4_6_073.png
1541,Christian Dior,4,ring,6,4_6_074.png
1542,Christian Dior,4,ring,6,4_6_075.png
1543,Christian Dior,4,ring,6,4_6_076.png
1544,Christian Dior,4,ring,6,4_6_077.png
1545,Christian Dior,4,ring,6,4_6_078.png
1546,Christian Dior,4,ring,6,4_6_079.png
1547,Christian Dior,4,ring,6,4_6_080.png
1548,Christian Dior,4,ring,6,4_6_081.png
1549,Christian Dior,4,ring,6,4_6_082.png
1550,Christian Dior,4,bracelet,7,4_7_001.png
1551,Christian Dior,4,bracelet,7,4_7_002.png
1552,Christian Dior,4,bracelet,7,4_7_003.png
1553,Christian Dior,4,bracelet,7,4_7_004.png
1554,Christian Dior,4,bracelet,7,4_7_005.png
1555,Christian Dior,4,bracelet,7,4_7_006.png
1556,Christian Dior,4,bracelet,7,4_7_007.png
1557,Christian Dior,4,bracelet,7,4_7_008.png
1558,Christian Dior,4,bracelet,7,4_7_009.png
1559,Christian Dior,4,bracelet,7,4_7_010.png
1560,Christian Dior,4,bracelet,7,4_7_011.png
1561,Christian Dior,4,bracelet,7,4_7_012.png
1562,Christian Dior,4,bracelet,7,4_7_013.png
1563,Christian Dior,4,bracelet,7,4_7_014.png
1564,Christian Dior,4,bracelet,7,4_7_015.png
1565,Christian Dior,4,bracelet,7,4_7_016.png
1566,Christian Dior,4,bracelet,7,4_7_017.png
1567,Christian Dior,4,bracelet,7,4_7_018.png
1568,Christian Dior,4,bracelet,7,4_7_019.png
1569,Christian Dior,4,bracelet,7,4_7_020.png
1570,Christian Dior,4,bracelet,7,4_7_021.png
1571,Christian Dior,4,bracelet,7,4_7_022.png
1572,Christian Dior,4,bracelet,7,4_7_023.png
1573,Christian Dior,4,bracelet,7,4_7_024.png
1574,Christian Dior,4,bracelet,7,4_7_025.png
1575,Christian Dior,4,bracelet,7,4_7_026.png
1576,Christian Dior,4,bracelet,7,4_7_027.png
1577,Christian Dior,4,bracelet,7,4_7_028.png
1578,Christian Dior,4,bracelet,7,4_7_029.png
1579,Christian Dior,4,bracelet,7,4_7_030.png
1580,Christian Dior,4,bracelet,7,4_7_031.png
1581,Christian Dior,4,boots,8,4_8_001.png
1582,Christian Dior,4,boots,8,4_8_002.png
1583,Christian Dior,4,boots,8,4_8_003.png
1584,Christian Dior,4,boots,8,4_8_004.png
1585,Christian Dior,4,boots,8,4_8_005.png
1586,Christian Dior,4,boots,8,4_8_006.png
1587,Christian Dior,4,boots,8,4_8_007.png
1588,Christian Dior,4,boots,8,4_8_008.png
1589,Christian Dior,4,boots,8,4_8_009.png
1590,Christian Dior,4,boots,8,4_8_010.png
1591,Christian Dior,4,boots,8,4_8_011.png
1592,Christian Dior,4,boots,8,4_8_012.png
1593,Christian Dior,4,boots,8,4_8_013.png
1594,Christian Dior,4,boots,8,4_8_014.png
1595,Christian Dior,4,boots,8,4_8_015.png
1596,Christian Dior,4,boots,8,4_8_016.png
1597,Christian Dior,4,boots,8,4_8_017.png
1598,Christian Dior,4,boots,8,4_8_018.png
1599,Christian Dior,4,boots,8,4_8_019.png
1600,Christian Dior,4,earrings,9,4_9_001.png
1601,Christian Dior,4,earrings,9,4_9_002.png
1602,Christian Dior,4,earrings,9,4_9_003.png
1603,Christian Dior,4,earrings,9,4_9_004.png
1604,Christian Dior,4,earrings,9,4_9_005.png
1605,Christian Dior,4,earrings,9,4_9_006.png
1606,Christian Dior,4,earrings,9,4_9_007.png
1607,Christian Dior,4,earrings,9,4_9_008.png
1608,Christian Dior,4,earrings,9,4_9_009.png
1609,Christian Dior,4,earrings,9,4_9_010.png
1610,Christian Dior,4,earrings,9,4_9_011.png
1611,Christian Dior,4,earrings,9,4_9_012.png
1612,Christian Dior,4,earrings,9,4_9_013.png
1613,Christian Dior,4,earrings,9,4_9_014.png
1614,Christian Dior,4,earrings,9,4_9_015.png
1615,Christian Dior,4,earrings,9,4_9_016.png
1616,Christian Dior,4,earrings,9,4_9_017.png
1617,Christian Dior,4,earrings,9,4_9_018.png
1618,Christian Dior,4,earrings,9,4_9_019.png
1619,Christian Dior,4,earrings,9,4_9_020.png
1620,Christian Dior,4,earrings,9,4_9_021.png
1621,Christian Dior,4,earrings,9,4_9_022.png
1622,Christian Dior,4,earrings,9,4_9_023.png
1623,Christian Dior,4,earrings,9,4_9_024.png
1624,Christian Dior,4,earrings,9,4_9_025.png
1625,Christian Dior,4,earrings,9,4_9_026.png
1626,Christian Dior,4,earrings,9,4_9_027.png
1627,Christian Dior,4,earrings,9,4_9_028.png
1628,Christian Dior,4,earrings,9,4_9_029.png
1629,Christian Dior,4,earrings,9,4_9_030.png
1630,Christian Dior,4,earrings,9,4_9_031.png
1631,Christian Dior,4,earrings,9,4_9_032.png
1632,Christian Dior,4,earrings,9,4_9_033.png
1633,Christian Dior,4,earrings,9,4_9_034.png
1634,Christian Dior,4,earrings,9,4_9_035.png
1635,Christian Dior,4,earrings,9,4_9_036.png
1636,Christian Dior,4,earrings,9,4_9_037.png
1637,Christian Dior,4,earrings,9,4_9_038.png
1638,Christian Dior,4,earrings,9,4_9_039.png
1639,Christian Dior,4,earrings,9,4_9_040.png
1640,Christian Dior,4,earrings,9,4_9_041.png
1641,Christian Dior,4,earrings,9,4_9_042.png
1642,Christian Dior,4,earrings,9,4_9_043.png
1643,Christian Dior,4,earrings,9,4_9_044.png
1644,Christian Dior,4,earrings,9,4_9_045.png
1645,Christian Dior,4,earrings,9,4_9_046.png
1646,Christian Dior,4,earrings,9,4_9_047.png
1647,Christian Dior,4,earrings,9,4_9_048.png
1648,Christian Dior,4,earrings,9,4_9_049.png
1649,Versace,5,shoes,0,5_0_001.png
1650,Versace,5,shoes,0,5_0_002.png
1651,Versace,5,shoes,0,5_0_003.png
1652,Versace,5,shoes,0,5_0_004.png
1653,Versace,5,shoes,0,5_0_005.png
1654,Versace,5,shoes,0,5_0_006.png
1655,Versace,5,shoes,0,5_0_007.png
1656,Versace,5,shoes,0,5_0_008.png
1657,Versace,5,shoes,0,5_0_009.png
1658,Versace,5,shoes,0,5_0_010.png
1659,Versace,5,shoes,0,5_0_011.png
1660,Versace,5,shoes,0,5_0_012.png
1661,Versace,5,shoes,0,5_0_013.png
1662,Versace,5,shoes,0,5_0_014.png
1663,Versace,5,shoes,0,5_0_015.png
1664,Versace,5,shoes,0,5_0_016.png
1665,Versace,5,shoes,0,5_0_017.png
1666,Versace,5,shoes,0,5_0_018.png
1667,Versace,5,shoes,0,5_0_019.png
1668,Versace,5,shoes,0,5_0_020.png
1669,Versace,5,shoes,0,5_0_021.png
1670,Versace,5,shoes,0,5_0_022.png
1671,Versace,5,shoes,0,5_0_023.png
1672,Versace,5,shoes,0,5_0_024.png
1673,Versace,5,shoes,0,5_0_025.png
1674,Versace,5,shoes,0,5_0_026.png
1675,Versace,5,shoes,0,5_0_027.png
1676,Versace,5,shoes,0,5_0_028.png
1677,Versace,5,shoes,0,5_0_029.png
1678,Versace,5,shoes,0,5_0_030.png
1679,Versace,5,shoes,0,5_0_031.png
1680,Versace,5,shoes,0,5_0_032.png
1681,Versace,5,shoes,0,5_0_033.png
1682,Versace,5,shoes,0,5_0_034.png
1683,Versace,5,shoes,0,5_0_035.png
1684,Versace,5,shoes,0,5_0_036.png
1685,Versace,5,shoes,0,5_0_037.png
1686,Versace,5,shoes,0,5_0_038.png
1687,Versace,5,shoes,0,5_0_039.png
1688,Versace,5,shoes,0,5_0_040.png
1689,Versace,5,shoes,0,5_0_041.png
1690,Versace,5,shoes,0,5_0_042.png
1691,Versace,5,shoes,0,5_0_043.png
1692,Versace,5,shoes,0,5_0_044.png
1693,Versace,5,shoes,0,5_0_045.png
1694,Versace,5,shoes,0,5_0_046.png
1695,Versace,5,shoes,0,5_0_047.png
1696,Versace,5,shoes,0,5_0_048.png
1697,Versace,5,shoes,0,5_0_049.png
1698,Versace,5,shoes,0,5_0_050.png
1699,Versace,5,shoes,0,5_0_051.png
1700,Versace,5,shoes,0,5_0_052.png
1701,Versace,5,shoes,0,5_0_053.png
1702,Versace,5,shoes,0,5_0_054.png
1703,Versace,5,shoes,0,5_0_055.png
1704,Versace,5,shoes,0,5_0_056.png
1705,Versace,5,shoes,0,5_0_057.png
1706,Versace,5,shoes,0,5_0_058.png
1707,Versace,5,shoes,0,5_0_059.png
1708,Versace,5,shoes,0,5_0_060.png
1709,Versace,5,handbag,2,5_2_001.png
1710,Versace,5,handbag,2,5_2_002.png
1711,Versace,5,handbag,2,5_2_003.png
1712,Versace,5,handbag,2,5_2_004.png
1713,Versace,5,handbag,2,5_2_005.png
1714,Versace,5,handbag,2,5_2_006.png
1715,Versace,5,handbag,2,5_2_007.png
1716,Versace,5,handbag,2,5_2_008.png
1717,Versace,5,handbag,2,5_2_009.png
1718,Versace,5,handbag,2,5_2_010.png
1719,Versace,5,handbag,2,5_2_011.png
1720,Versace,5,handbag,2,5_2_012.png
1721,Versace,5,handbag,2,5_2_013.png
1722,Versace,5,handbag,2,5_2_014.png
1723,Versace,5,handbag,2,5_2_015.png
1724,Versace,5,handbag,2,5_2_016.png
1725,Versace,5,handbag,2,5_2_017.png
1726,Versace,5,handbag,2,5_2_018.png
1727,Versace,5,handbag,2,5_2_019.png
1728,Versace,5,handbag,2,5_2_020.png
1729,Versace,5,handbag,2,5_2_021.png
1730,Versace,5,handbag,2,5_2_022.png
1731,Versace,5,handbag,2,5_2_023.png
1732,Versace,5,handbag,2,5_2_024.png
1733,Versace,5,handbag,2,5_2_025.png
1734,Versace,5,handbag,2,5_2_026.png
1735,Versace,5,handbag,2,5_2_027.png
1736,Versace,5,handbag,2,5_2_028.png
1737,Versace,5,handbag,2,5_2_029.png
1738,Versace,5,handbag,2,5_2_030.png
1739,Versace,5,handbag,2,5_2_031.png
1740,Versace,5,handbag,2,5_2_032.png
1741,Versace,5,handbag,2,5_2_033.png
1742,Versace,5,handbag,2,5_2_034.png
1743,Versace,5,handbag,2,5_2_035.png
1744,Versace,5,handbag,2,5_2_036.png
1745,Versace,5,handbag,2,5_2_037.png
1746,Versace,5,handbag,2,5_2_038.png
1747,Versace,5,handbag,2,5_2_039.png
1748,Versace,5,handbag,2,5_2_040.png
1749,Versace,5,handbag,2,5_2_041.png
1750,Versace,5,handbag,2,5_2_042.png
1751,Versace,5,handbag,2,5_2_043.png
1752,Versace,5,handbag,2,5_2_044.png
1753,Versace,5,handbag,2,5_2_045.png
1754,Versace,5,handbag,2,5_2_046.png
1755,Versace,5,handbag,2,5_2_047.png
1756,Versace,5,handbag,2,5_2_048.png
1757,Versace,5,handbag,2,5_2_049.png
1758,Versace,5,handbag,2,5_2_050.png
1759,Versace,5,handbag,2,5_2_051.png
1760,Versace,5,handbag,2,5_2_052.png
1761,Versace,5,handbag,2,5_2_053.png
1762,Versace,5,handbag,2,5_2_054.png
1763,Versace,5,handbag,2,5_2_055.png
1764,Versace,5,handbag,2,5_2_056.png
1765,Versace,5,handbag,2,5_2_057.png
1766,Versace,5,handbag,2,5_2_058.png
1767,Versace,5,handbag,2,5_2_059.png
1768,Versace,5,handbag,2,5_2_060.png
1769,Versace,5,handbag,2,5_2_061.png
1770,Versace,5,handbag,2,5_2_062.png
1771,Versace,5,handbag,2,5_2_063.png
1772,Versace,5,handbag,2,5_2_064.png
1773,Versace,5,handbag,2,5_2_065.png
1774,Versace,5,handbag,2,5_2_066.png
1775,Versace,5,handbag,2,5_2_067.png
1776,Versace,5,handbag,2,5_2_068.png
1777,Versace,5,handbag,2,5_2_069.png
1778,Versace,5,handbag,2,5_2_070.png
1779,Versace,5,handbag,2,5_2_071.png
1780,Versace,5,handbag,2,5_2_072.png
1781,Versace,5,handbag,2,5_2_073.png
1782,Versace,5,handbag,2,5_2_074.png
1783,Versace,5,handbag,2,5_2_075.png
1784,Versace,5,handbag,2,5_2_076.png
1785,Versace,5,necklace,4,5_4_001.png
1786,Versace,5,necklace,4,5_4_002.png
1787,Versace,5,necklace,4,5_4_003.png
1788,Versace,5,necklace,4,5_4_004.png
1789,Versace,5,necklace,4,5_4_005.png
1790,Versace,5,necklace,4,5_4_006.png
1791,Versace,5,necklace,4,5_4_007.png
1792,Versace,5,necklace,4,5_4_008.png
1793,Versace,5,necklace,4,5_4_009.png
1798,Versace,5,necklace,4,5_4_014.png
1799,Versace,5,watches,5,5_5_001.png
1800,Versace,5,watches,5,5_5_002.png
1801,Versace,5,watches,5,5_5_003.png
1802,Versace,5,watches,5,5_5_004.png
1803,Versace,5,watches,5,5_5_005.png
1804,Versace,5,watches,5,5_5_006.png
1805,Versace,5,watches,5,5_5_007.png
1806,Versace,5,watches,5,5_5_008.png
1807,Versace,5,watches,5,5_5_009.png
1808,Versace,5,watches,5,5_5_010.png
1809,Versace,5,watches,5,5_5_011.png
1810,Versace,5,watches,5,5_5_012.png
1811,Versace,5,watches,5,5_5_013.png
1812,Versace,5,watches,5,5_5_014.png
1813,Versace,5,watches,5,5_5_015.png
1814,Versace,5,watches,5,5_5_016.png
1815,Versace,5,watches,5,5_5_017.png
1816,Versace,5,watches,5,5_5_018.png
1817,Versace,5,watches,5,5_5_019.png
1818,Versace,5,ring,6,5_6_001.png
1819,Versace,5,ring,6,5_6_002.png
1820,Versace,5,ring,6,5_6_003.png
1821,Versace,5,ring,6,5_6_004.png
1822,Versace,5,ring,6,5_6_005.png
1823,Versace,5,ring,6,5_6_006.png
1824,Versace,5,ring,6,5_6_007.png
1825,Versace,5,ring,6,5_6_008.png
1826,Versace,5,ring,6,5_6_009.png
1827,Versace,5,ring,6,5_6_010.png
1828,Versace,5,ring,6,5_6_011.png
1829,Versace,5,ring,6,5_6_012.png
1830,Versace,5,ring,6,5_6_013.png
1831,Versace,5,ring,6,5_6_014.png
1832,Versace,5,ring,6,5_6_015.png
1833,Versace,5,ring,6,5_6_016.png
1834,Versace,5,ring,6,5_6_017.png
1835,Versace,5,ring,6,5_6_018.png
1836,Versace,5,ring,6,5_6_019.png
1837,Versace,5,ring,6,5_6_020.png
1838,Versace,5,ring,6,5_6_021.png
1839,Versace,5,ring,6,5_6_022.png
1840,Versace,5,ring,6,5_6_023.png
1841,Versace,5,bracelet,7,5_7_001.png
1842,Versace,5,bracelet,7,5_7_002.png
1843,Versace,5,bracelet,7,5_7_003.png
1844,Versace,5,bracelet,7,5_7_004.png
1845,Versace,5,bracelet,7,5_7_005.png
1846,Versace,5,bracelet,7,5_7_006.png
1847,Versace,5,bracelet,7,5_7_007.png
1848,Versace,5,bracelet,7,5_7_008.png
1849,Versace,5,bracelet,7,5_7_009.png
1850,Versace,5,bracelet,7,5_7_010.png
1851,Versace,5,bracelet,7,5_7_011.png
1852,Versace,5,bracelet,7,5_7_012.png
1853,Versace,5,bracelet,7,5_7_013.png
1854,Versace,5,bracelet,7,5_7_014.png
1855,Versace,5,bracelet,7,5_7_015.png
1856,Versace,5,bracelet,7,5_7_016.png
1857,Versace,5,boots,8,5_8_001.png
1858,Versace,5,boots,8,5_8_002.png
1859,Versace,5,boots,8,5_8_003.png
1860,Versace,5,boots,8,5_8_004.png
1861,Versace,5,boots,8,5_8_005.png
1862,Versace,5,boots,8,5_8_006.png
1863,Versace,5,boots,8,5_8_007.png
1864,Versace,5,boots,8,5_8_008.png
1865,Versace,5,boots,8,5_8_009.png
1866,Versace,5,boots,8,5_8_010.png
1867,Versace,5,boots,8,5_8_011.png
1868,Versace,5,boots,8,5_8_012.png
1869,Versace,5,boots,8,5_8_013.png
1870,Versace,5,boots,8,5_8_014.png
1871,Versace,5,boots,8,5_8_015.png
1872,Versace,5,boots,8,5_8_016.png
1873,Versace,5,boots,8,5_8_017.png
1874,Versace,5,boots,8,5_8_018.png
1875,Versace,5,earrings,9,5_9_001.png
1876,Versace,5,earrings,9,5_9_002.png
1877,Versace,5,earrings,9,5_9_003.png
1878,Versace,5,earrings,9,5_9_004.png
1879,Versace,5,earrings,9,5_9_005.png
1880,Versace,5,earrings,9,5_9_006.png
1881,Versace,5,earrings,9,5_9_007.png
1882,Versace,5,earrings,9,5_9_008.png
1883,Versace,5,earrings,9,5_9_009.png
1884,Versace,5,earrings,9,5_9_010.png
1885,Versace,5,earrings,9,5_9_011.png
1886,Versace,5,earrings,9,5_9_012.png
1887,Versace,5,earrings,9,5_9_013.png
1888,Versace,5,earrings,9,5_9_014.png
1889,Versace,5,earrings,9,5_9_015.png
1890,Versace,5,earrings,9,5_9_016.png
1891,Versace,5,earrings,9,5_9_017.png
1892,Versace,5,earrings,9,5_9_018.png
1893,Versace,5,earrings,9,5_9_019.png
1894,Versace,5,earrings,9,5_9_020.png
1895,Versace,5,earrings,9,5_9_021.png
1896,Yves Saint Laurent,6,shoes,0,6_0_001.png
1897,Yves Saint Laurent,6,shoes,0,6_0_002.png
1898,Yves Saint Laurent,6,shoes,0,6_0_003.png
1899,Yves Saint Laurent,6,shoes,0,6_0_004.png
1900,Yves Saint Laurent,6,shoes,0,6_0_005.png
1901,Yves Saint Laurent,6,shoes,0,6_0_006.png
1902,Yves Saint Laurent,6,shoes,0,6_0_007.png
1903,Yves Saint Laurent,6,shoes,0,6_0_008.png
1904,Yves Saint Laurent,6,shoes,0,6_0_009.png
1905,Yves Saint Laurent,6,shoes,0,6_0_010.png
1906,Yves Saint Laurent,6,shoes,0,6_0_011.png
1907,Yves Saint Laurent,6,shoes,0,6_0_012.png
1908,Yves Saint Laurent,6,shoes,0,6_0_013.png
1909,Yves Saint Laurent,6,shoes,0,6_0_014.png
1910,Yves Saint Laurent,6,shoes,0,6_0_015.png
1911,Yves Saint Laurent,6,shoes,0,6_0_016.png
1912,Yves Saint Laurent,6,shoes,0,6_0_017.png
1913,Yves Saint Laurent,6,shoes,0,6_0_018.png
1914,Yves Saint Laurent,6,shoes,0,6_0_019.png
1915,Yves Saint Laurent,6,shoes,0,6_0_020.png
1916,Yves Saint Laurent,6,shoes,0,6_0_021.png
1917,Yves Saint Laurent,6,shoes,0,6_0_022.png
1918,Yves Saint Laurent,6,shoes,0,6_0_023.png
1919,Yves Saint Laurent,6,shoes,0,6_0_024.png
1920,Yves Saint Laurent,6,shoes,0,6_0_025.png
1921,Yves Saint Laurent,6,shoes,0,6_0_026.png
1922,Yves Saint Laurent,6,shoes,0,6_0_027.png
1923,Yves Saint Laurent,6,shoes,0,6_0_028.png
1924,Yves Saint Laurent,6,shoes,0,6_0_029.png
1925,Yves Saint Laurent,6,shoes,0,6_0_030.png
1926,Yves Saint Laurent,6,shoes,0,6_0_031.png
1927,Yves Saint Laurent,6,shoes,0,6_0_032.png
1928,Yves Saint Laurent,6,shoes,0,6_0_033.png
1929,Yves Saint Laurent,6,shoes,0,6_0_034.png
1930,Yves Saint Laurent,6,shoes,0,6_0_035.png
1931,Yves Saint Laurent,6,shoes,0,6_0_036.png
1932,Yves Saint Laurent,6,shoes,0,6_0_037.png
1933,Yves Saint Laurent,6,shoes,0,6_0_038.png
1934,Yves Saint Laurent,6,shoes,0,6_0_039.png
1935,Yves Saint Laurent,6,shoes,0,6_0_040.png
1936,Yves Saint Laurent,6,shoes,0,6_0_041.png
1937,Yves Saint Laurent,6,shoes,0,6_0_042.png
1938,Yves Saint Laurent,6,shoes,0,6_0_043.png
1939,Yves Saint Laurent,6,shoes,0,6_0_044.png
1940,Yves Saint Laurent,6,shoes,0,6_0_045.png
1941,Yves Saint Laurent,6,shoes,0,6_0_046.png
1942,Yves Saint Laurent,6,shoes,0,6_0_047.png
1943,Yves Saint Laurent,6,shoes,0,6_0_048.png
1944,Yves Saint Laurent,6,shoes,0,6_0_049.png
1945,Yves Saint Laurent,6,shoes,0,6_0_050.png
1946,Yves Saint Laurent,6,lipstick,1,6_1_001.png
1947,Yves Saint Laurent,6,lipstick,1,6_1_002.png
1948,Yves Saint Laurent,6,lipstick,1,6_1_003.png
1949,Yves Saint Laurent,6,lipstick,1,6_1_004.png
1950,Yves Saint Laurent,6,lipstick,1,6_1_005.png
1951,Yves Saint Laurent,6,lipstick,1,6_1_006.png
1952,Yves Saint Laurent,6,lipstick,1,6_1_007.png
1953,Yves Saint Laurent,6,lipstick,1,6_1_008.png
1954,Yves Saint Laurent,6,lipstick,1,6_1_009.png
1955,Yves Saint Laurent,6,lipstick,1,6_1_010.png
1956,Yves Saint Laurent,6,lipstick,1,6_1_011.png
1957,Yves Saint Laurent,6,lipstick,1,6_1_012.png
1958,Yves Saint Laurent,6,lipstick,1,6_1_013.png
1959,Yves Saint Laurent,6,lipstick,1,6_1_014.png
1960,Yves Saint Laurent,6,lipstick,1,6_1_015.png
1961,Yves Saint Laurent,6,lipstick,1,6_1_016.png
1962,Yves Saint Laurent,6,lipstick,1,6_1_017.png
1963,Yves Saint Laurent,6,lipstick,1,6_1_018.png
1964,Yves Saint Laurent,6,lipstick,1,6_1_019.png
1965,Yves Saint Laurent,6,lipstick,1,6_1_020.png
1966,Yves Saint Laurent,6,lipstick,1,6_1_021.png
1967,Yves Saint Laurent,6,lipstick,1,6_1_022.png
1968,Yves Saint Laurent,6,lipstick,1,6_1_023.png
1969,Yves Saint Laurent,6,lipstick,1,6_1_024.png
1970,Yves Saint Laurent,6,lipstick,1,6_1_025.png
1971,Yves Saint Laurent,6,lipstick,1,6_1_026.png
1972,Yves Saint Laurent,6,lipstick,1,6_1_027.png
1973,Yves Saint Laurent,6,lipstick,1,6_1_028.png
1974,Yves Saint Laurent,6,lipstick,1,6_1_029.png
1975,Yves Saint Laurent,6,lipstick,1,6_1_030.png
1976,Yves Saint Laurent,6,lipstick,1,6_1_031.png
1977,Yves Saint Laurent,6,lipstick,1,6_1_032.png
1978,Yves Saint Laurent,6,lipstick,1,6_1_033.png
1979,Yves Saint Laurent,6,lipstick,1,6_1_034.png
1980,Yves Saint Laurent,6,lipstick,1,6_1_035.png
1981,Yves Saint Laurent,6,lipstick,1,6_1_036.png
1982,Yves Saint Laurent,6,lipstick,1,6_1_037.png
1983,Yves Saint Laurent,6,lipstick,1,6_1_038.png
1984,Yves Saint Laurent,6,lipstick,1,6_1_039.png
1985,Yves Saint Laurent,6,lipstick,1,6_1_040.png
1986,Yves Saint Laurent,6,lipstick,1,6_1_041.png
1987,Yves Saint Laurent,6,lipstick,1,6_1_042.png
1988,Yves Saint Laurent,6,lipstick,1,6_1_043.png
1989,Yves Saint Laurent,6,lipstick,1,6_1_044.png
1990,Yves Saint Laurent,6,lipstick,1,6_1_045.png
1991,Yves Saint Laurent,6,lipstick,1,6_1_046.png
1992,Yves Saint Laurent,6,lipstick,1,6_1_047.png
1993,Yves Saint Laurent,6,lipstick,1,6_1_048.png
1994,Yves Saint Laurent,6,lipstick,1,6_1_049.png
1995,Yves Saint Laurent,6,handbag,2,6_2_001.png
1996,Yves Saint Laurent,6,handbag,2,6_2_002.png
1997,Yves Saint Laurent,6,handbag,2,6_2_003.png
1998,Yves Saint Laurent,6,handbag,2,6_2_004.png
1999,Yves Saint Laurent,6,handbag,2,6_2_005.png
2000,Yves Saint Laurent,6,handbag,2,6_2_006.png
2001,Yves Saint Laurent,6,handbag,2,6_2_007.png
2002,Yves Saint Laurent,6,handbag,2,6_2_008.png
2003,Yves Saint Laurent,6,handbag,2,6_2_009.png
2004,Yves Saint Laurent,6,handbag,2,6_2_010.png
2005,Yves Saint Laurent,6,handbag,2,6_2_011.png
2006,Yves Saint Laurent,6,handbag,2,6_2_012.png
2007,Yves Saint Laurent,6,handbag,2,6_2_013.png
2008,Yves Saint Laurent,6,handbag,2,6_2_014.png
2009,Yves Saint Laurent,6,handbag,2,6_2_015.png
2010,Yves Saint Laurent,6,handbag,2,6_2_016.png
2011,Yves Saint Laurent,6,handbag,2,6_2_017.png
2012,Yves Saint Laurent,6,handbag,2,6_2_018.png
2013,Yves Saint Laurent,6,handbag,2,6_2_019.png
2014,Yves Saint Laurent,6,handbag,2,6_2_020.png
2015,Yves Saint Laurent,6,handbag,2,6_2_021.png
2016,Yves Saint Laurent,6,handbag,2,6_2_022.png
2017,Yves Saint Laurent,6,handbag,2,6_2_023.png
2018,Yves Saint Laurent,6,handbag,2,6_2_024.png
2019,Yves Saint Laurent,6,handbag,2,6_2_025.png
2020,Yves Saint Laurent,6,handbag,2,6_2_026.png
2021,Yves Saint Laurent,6,handbag,2,6_2_027.png
2022,Yves Saint Laurent,6,handbag,2,6_2_028.png
2023,Yves Saint Laurent,6,handbag,2,6_2_029.png
2024,Yves Saint Laurent,6,handbag,2,6_2_030.png
2025,Yves Saint Laurent,6,handbag,2,6_2_031.png
2026,Yves Saint Laurent,6,handbag,2,6_2_032.png
2027,Yves Saint Laurent,6,handbag,2,6_2_033.png
2028,Yves Saint Laurent,6,handbag,2,6_2_034.png
2029,Yves Saint Laurent,6,handbag,2,6_2_035.png
2030,Yves Saint Laurent,6,handbag,2,6_2_036.png
2031,Yves Saint Laurent,6,handbag,2,6_2_037.png
2032,Yves Saint Laurent,6,handbag,2,6_2_038.png
2033,Yves Saint Laurent,6,handbag,2,6_2_039.png
2034,Yves Saint Laurent,6,handbag,2,6_2_040.png
2035,Yves Saint Laurent,6,handbag,2,6_2_041.png
2036,Yves Saint Laurent,6,handbag,2,6_2_042.png
2037,Yves Saint Laurent,6,handbag,2,6_2_043.png
2038,Yves Saint Laurent,6,handbag,2,6_2_044.png
2039,Yves Saint Laurent,6,handbag,2,6_2_045.png
2040,Yves Saint Laurent,6,handbag,2,6_2_046.png
2041,Yves Saint Laurent,6,handbag,2,6_2_047.png
2042,Yves Saint Laurent,6,handbag,2,6_2_048.png
2043,Yves Saint Laurent,6,handbag,2,6_2_049.png
2044,Yves Saint Laurent,6,handbag,2,6_2_050.png
2045,Yves Saint Laurent,6,handbag,2,6_2_051.png
2046,Yves Saint Laurent,6,handbag,2,6_2_052.png
2047,Yves Saint Laurent,6,handbag,2,6_2_053.png
2048,Yves Saint Laurent,6,handbag,2,6_2_054.png
2049,Yves Saint Laurent,6,handbag,2,6_2_055.png
2050,Yves Saint Laurent,6,nail polish,3,6_3_001.png
2051,Yves Saint Laurent,6,nail polish,3,6_3_002.png
2052,Yves Saint Laurent,6,nail polish,3,6_3_003.png
2053,Yves Saint Laurent,6,nail polish,3,6_3_004.png
2054,Yves Saint Laurent,6,nail polish,3,6_3_005.png
2055,Yves Saint Laurent,6,nail polish,3,6_3_006.png
2056,Yves Saint Laurent,6,nail polish,3,6_3_007.png
2057,Yves Saint Laurent,6,nail polish,3,6_3_008.png
2058,Yves Saint Laurent,6,nail polish,3,6_3_009.png
2059,Yves Saint Laurent,6,nail polish,3,6_3_010.png
2060,Yves Saint Laurent,6,nail polish,3,6_3_011.png
2061,Yves Saint Laurent,6,nail polish,3,6_3_012.png
2062,Yves Saint Laurent,6,nail polish,3,6_3_013.png
2063,Yves Saint Laurent,6,nail polish,3,6_3_014.png
2064,Yves Saint Laurent,6,nail polish,3,6_3_015.png
2065,Yves Saint Laurent,6,nail polish,3,6_3_016.png
2066,Yves Saint Laurent,6,nail polish,3,6_3_017.png
2067,Yves Saint Laurent,6,nail polish,3,6_3_018.png
2068,Yves Saint Laurent,6,nail polish,3,6_3_019.png
2069,Yves Saint Laurent,6,nail polish,3,6_3_020.png
2070,Yves Saint Laurent,6,nail polish,3,6_3_021.png
2071,Yves Saint Laurent,6,nail polish,3,6_3_022.png
2072,Yves Saint Laurent,6,nail polish,3,6_3_023.png
2073,Yves Saint Laurent,6,nail polish,3,6_3_024.png
2074,Yves Saint Laurent,6,nail polish,3,6_3_025.png
2075,Yves Saint Laurent,6,nail polish,3,6_3_026.png
2076,Yves Saint Laurent,6,nail polish,3,6_3_027.png
2077,Yves Saint Laurent,6,nail polish,3,6_3_028.png
2078,Yves Saint Laurent,6,nail polish,3,6_3_029.png
2079,Yves Saint Laurent,6,nail polish,3,6_3_030.png
2080,Yves Saint Laurent,6,nail polish,3,6_3_031.png
2081,Yves Saint Laurent,6,nail polish,3,6_3_032.png
2082,Yves Saint Laurent,6,nail polish,3,6_3_033.png
2083,Yves Saint Laurent,6,nail polish,3,6_3_034.png
2084,Yves Saint Laurent,6,nail polish,3,6_3_035.png
2085,Yves Saint Laurent,6,nail polish,3,6_3_036.png
2086,Yves Saint Laurent,6,nail polish,3,6_3_037.png
2087,Yves Saint Laurent,6,nail polish,3,6_3_038.png
2088,Yves Saint Laurent,6,nail polish,3,6_3_039.png
2089,Yves Saint Laurent,6,nail polish,3,6_3_040.png
2090,Yves Saint Laurent,6,nail polish,3,6_3_041.png
2091,Yves Saint Laurent,6,nail polish,3,6_3_042.png
2092,Yves Saint Laurent,6,nail polish,3,6_3_043.png
2093,Yves Saint Laurent,6,nail polish,3,6_3_044.png
2094,Yves Saint Laurent,6,nail polish,3,6_3_045.png
2095,Yves Saint Laurent,6,necklace,4,6_4_001.png
2096,Yves Saint Laurent,6,necklace,4,6_4_002.png
2097,Yves Saint Laurent,6,necklace,4,6_4_003.png
2098,Yves Saint Laurent,6,necklace,4,6_4_004.png
2099,Yves Saint Laurent,6,necklace,4,6_4_005.png
2100,Yves Saint Laurent,6,necklace,4,6_4_006.png
2101,Yves Saint Laurent,6,necklace,4,6_4_007.png
2102,Yves Saint Laurent,6,necklace,4,6_4_008.png
2103,Yves Saint Laurent,6,necklace,4,6_4_009.png
2104,Yves Saint Laurent,6,necklace,4,6_4_010.png
2105,Yves Saint Laurent,6,necklace,4,6_4_011.png
2106,Yves Saint Laurent,6,necklace,4,6_4_012.png
2107,Yves Saint Laurent,6,necklace,4,6_4_013.png
2108,Yves Saint Laurent,6,necklace,4,6_4_014.png
2109,Yves Saint Laurent,6,necklace,4,6_4_015.png
2110,Yves Saint Laurent,6,ring,6,6_6_001.png
2111,Yves Saint Laurent,6,ring,6,6_6_002.png
2112,Yves Saint Laurent,6,ring,6,6_6_003.png
2113,Yves Saint Laurent,6,ring,6,6_6_004.png
2114,Yves Saint Laurent,6,ring,6,6_6_005.png
2115,Yves Saint Laurent,6,ring,6,6_6_006.png
2116,Yves Saint Laurent,6,ring,6,6_6_007.png
2117,Yves Saint Laurent,6,ring,6,6_6_008.png
2118,Yves Saint Laurent,6,bracelet,7,6_7_001.png
2119,Yves Saint Laurent,6,bracelet,7,6_7_002.png
2120,Yves Saint Laurent,6,bracelet,7,6_7_003.png
2121,Yves Saint Laurent,6,bracelet,7,6_7_004.png
2122,Yves Saint Laurent,6,bracelet,7,6_7_005.png
2123,Yves Saint Laurent,6,bracelet,7,6_7_006.png
2124,Yves Saint Laurent,6,bracelet,7,6_7_007.png
2125,Yves Saint Laurent,6,bracelet,7,6_7_008.png
2126,Yves Saint Laurent,6,bracelet,7,6_7_009.png
2127,Yves Saint Laurent,6,bracelet,7,6_7_010.png
2128,Yves Saint Laurent,6,bracelet,7,6_7_011.png
2129,Yves Saint Laurent,6,bracelet,7,6_7_012.png
2130,Yves Saint Laurent,6,bracelet,7,6_7_013.png
2131,Yves Saint Laurent,6,bracelet,7,6_7_014.png
2132,Yves Saint Laurent,6,bracelet,7,6_7_015.png
2133,Yves Saint Laurent,6,bracelet,7,6_7_016.png
2134,Yves Saint Laurent,6,bracelet,7,6_7_017.png
2135,Yves Saint Laurent,6,bracelet,7,6_7_018.png
2136,Yves Saint Laurent,6,boots,8,6_8_001.png
2137,Yves Saint Laurent,6,boots,8,6_8_002.png
2138,Yves Saint Laurent,6,boots,8,6_8_003.png
2139,Yves Saint Laurent,6,boots,8,6_8_004.png
2140,Yves Saint Laurent,6,boots,8,6_8_005.png
2141,Yves Saint Laurent,6,boots,8,6_8_006.png
2142,Yves Saint Laurent,6,boots,8,6_8_007.png
2143,Yves Saint Laurent,6,boots,8,6_8_008.png
2144,Yves Saint Laurent,6,boots,8,6_8_009.png
2145,Yves Saint Laurent,6,boots,8,6_8_010.png
2146,Yves Saint Laurent,6,boots,8,6_8_011.png
2147,Yves Saint Laurent,6,boots,8,6_8_012.png
2148,Yves Saint Laurent,6,boots,8,6_8_013.png
2149,Yves Saint Laurent,6,boots,8,6_8_014.png
2150,Yves Saint Laurent,6,boots,8,6_8_015.png
2151,Yves Saint Laurent,6,boots,8,6_8_016.png
2152,Yves Saint Laurent,6,boots,8,6_8_017.png
2153,Yves Saint Laurent,6,boots,8,6_8_018.png
2154,Yves Saint Laurent,6,boots,8,6_8_019.png
2155,Yves Saint Laurent,6,boots,8,6_8_020.png
2156,Yves Saint Laurent,6,boots,8,6_8_021.png
2157,Yves Saint Laurent,6,boots,8,6_8_022.png
2158,Yves Saint Laurent,6,boots,8,6_8_023.png
2159,Yves Saint Laurent,6,boots,8,6_8_024.png
2160,Yves Saint Laurent,6,boots,8,6_8_025.png
2161,Yves Saint Laurent,6,boots,8,6_8_026.png
2162,Yves Saint Laurent,6,boots,8,6_8_027.png
2163,Yves Saint Laurent,6,earrings,9,6_9_001.png
2164,Yves Saint Laurent,6,earrings,9,6_9_002.png
2165,Yves Saint Laurent,6,earrings,9,6_9_003.png
2166,Yves Saint Laurent,6,earrings,9,6_9_004.png
2167,Yves Saint Laurent,6,earrings,9,6_9_005.png
2168,Yves Saint Laurent,6,earrings,9,6_9_006.png
2169,Yves Saint Laurent,6,earrings,9,6_9_007.png
2170,Yves Saint Laurent,6,earrings,9,6_9_008.png
2171,Yves Saint Laurent,6,earrings,9,6_9_009.png
2172,Yves Saint Laurent,6,earrings,9,6_9_010.png
2173,Yves Saint Laurent,6,earrings,9,6_9_011.png
2174,Yves Saint Laurent,6,earrings,9,6_9_012.png
2175,Yves Saint Laurent,6,earrings,9,6_9_013.png
2176,Yves Saint Laurent,6,earrings,9,6_9_014.png
2177,Yves Saint Laurent,6,earrings,9,6_9_015.png
2178,Yves Saint Laurent,6,earrings,9,6_9_016.png
2179,Yves Saint Laurent,6,earrings,9,6_9_017.png
2180,Yves Saint Laurent,6,earrings,9,6_9_018.png
2181,Yves Saint Laurent,6,earrings,9,6_9_019.png
2182,Yves Saint Laurent,6,earrings,9,6_9_020.png
2183,Yves Saint Laurent,6,earrings,9,6_9_021.png
